hgnc_symbol,affected_region_count,chromosome_count,maximum_sample_count,total_annotation_records,present_in_cancer_gene_census,census_tier,role_in_cancer,tumour_types_somatic,tumour_types_germline,mutation_types
RABEP1,203,1,12,203,TRUE,1,fusion,CMML,,T
PER1,199,1,12,199,TRUE,1,"TSG, fusion","AML, CMML",,T
TP53,199,1,12,199,TRUE,1,"oncogene, TSG, fusion","breast, colorectal, lung, sarcoma, adrenocortical, glioma, Spitzoid tumour, multiple other tumour types","breast, sarcoma, adrenocortical carcinoma, glioma, multiple other tumour types","Mis, N, F, T"
GPS2,197,1,12,197,FALSE,,,,,
USP6,196,1,12,196,TRUE,1,"oncogene, fusion",aneurysmal bone cyst,,T
YWHAE,194,1,12,194,TRUE,1,"TSG, fusion",endometrial stromal sarcoma,,T
GAS7,187,1,12,187,TRUE,1,fusion,AML*,,T
MAP2K4,182,1,12,182,TRUE,1,"oncogene, TSG","pancreatic, breast, colorectal",,"D, Mis, N"
NCOR1,172,1,12,172,TRUE,1,TSG,breast,,"Mis, F, N, O"
PCM1,164,1,6,164,TRUE,1,fusion,"papillary thyroid, CML, MPN",,T
ELF4,163,1,22,163,TRUE,1,"oncogene, TSG, fusion",AML,,T
GPC3,163,1,22,163,TRUE,1,"oncogene, TSG",,Wilms tumour,"D, Mis, N, F, S"
PHF6,163,1,22,163,TRUE,1,TSG,ETP ALL,,"F, N, S, Mis"
FLCN,162,1,12,162,TRUE,1,TSG,,"renal, fibrofolliculomas, trichodiscomas","Mis. N, F"
NRG1,162,1,6,162,TRUE,1,"TSG, fusion",NSCLC,,T
ATP2B3,161,1,22,161,TRUE,1,TSG,adrenal aldosterone producing adenoma,,O
SPECC1,160,1,12,160,TRUE,2,fusion,JMML,,T
FOXO4,159,1,22,159,TRUE,1,"oncogene, TSG, fusion","AL, soft tissue sarcoma",,T
MED12,159,1,22,159,TRUE,1,TSG,"uterine leiomyoma, fibroadenoma, phyllodes tumour",,"Mis, S, O"
NONO,159,1,22,159,TRUE,1,fusion,papillary renal,,T
NOTCH1,158,1,11,158,TRUE,1,"oncogene, TSG, fusion","T-ALL, breast, bladder, skin SCC, lung SCC, head and neck SCC",,"T, Mis, O"
WRN,158,1,6,158,TRUE,1,TSG,,"osteosarcoma, meningioma, other tumour types","Mis, N, F, S"
ATRX,157,1,22,157,TRUE,1,TSG,"pancreatic neuroendocrine tumours, paediatric GBM",,"Mis, F, N"
DNAH12,156,1,8,156,FALSE,,,,,
PBRM1,156,1,8,156,TRUE,1,TSG,"clear cell renal carcinoma, breast",,"Mis, N, F, S, D, O"
MSN,154,1,22,154,TRUE,1,fusion,ALCL,,T
RHOA,154,1,8,154,TRUE,1,"oncogene, TSG","diffuse gastric, T cell lymphomas, paediatric Burkitt lymphoma",,"Mis, F, O"
STAG2,154,1,22,154,TRUE,1,TSG,"bladder carcinoma, glioblastoma, melanoma, Ewing's sarcoma, myeloid neoplasms",,"Mis, N, F, S"
CACNA1D,153,1,8,153,TRUE,1,oncogene,adrenal aldosterone producing adenoma,,Mis
NCKIPSD,153,1,8,153,TRUE,2,fusion,ALL,,T
RPL10,153,1,22,153,TRUE,1,TSG,T-ALL,,Mis
SETD2,153,1,8,153,TRUE,1,TSG,clear cell renal carcinoma,,"N, F, S, Mis"
BAP1,152,1,8,152,TRUE,1,TSG,"uveal melanoma, breast, NSCLC, RCC","mesothelioma, skin and uveal melanoma, kidney cancer","N, Mis, F, S, O"
BRD3,149,1,11,149,TRUE,1,"oncogene, fusion",lethal midline carcinoma of young people,,T
RALGDS,149,1,11,149,TRUE,2,fusion,"PMBL, Hodgkin lymphoma,",,T
TSC1,149,1,11,149,TRUE,1,TSG,"renal cell carcinoma, bladder carcinoma","hamartoma, renal cell carcinoma, tuberous sclerosis tuber","D, Mis, N, F, S"
FHIT,148,1,8,148,TRUE,1,"TSG, fusion",pleomorphic salivary gland adenoma,,T
ABL1,147,1,11,147,TRUE,1,"oncogene, fusion","CML, ALL, T-ALL",,"T, Mis"
NUP214,147,1,11,147,TRUE,1,fusion,"AML, T-ALL",,T
APC,146,1,4,146,TRUE,1,TSG,"colorectal, pancreatic, desmoid, hepatoblastoma, glioma, other CNS","colorectal, pancreatic, desmoid, hepatoblastoma, glioma, other CNS","D, Mis, N, F, S"
CDKN2A,145,1,28,145,TRUE,1,TSG,"melanoma, multiple other tumour types","melanoma, pancreatic","D, Mis, N, F, S"
DNM2,145,1,4,145,TRUE,1,TSG,T-ALL,,"F, N, S, Mis, O"
FOXP1,145,1,8,145,TRUE,1,"oncogene, fusion",ALL,,T
ELL2,144,1,4,144,FALSE,,,,,
FNBP1,144,1,11,144,TRUE,2,fusion,AML,,T
KEAP1,144,1,4,144,TRUE,1,TSG,"NSCLC, breast carcinoma",,"Mis, N, F"
PPP6C,144,1,11,144,TRUE,1,TSG,melanoma,,"Mis, N"
AFF4,143,1,4,143,TRUE,1,"oncogene, fusion",ALL,,T
CNTRL,143,1,11,143,TRUE,1,fusion,"MPN, NHL",,T
MITF,143,1,8,143,TRUE,1,oncogene,melanoma,,A
SET,143,1,11,143,TRUE,1,"oncogene, fusion",T-ALL,,T
STK11,143,1,4,143,TRUE,1,TSG,"NSCLC, pancreatic","jejunal hamartoma, ovarian, testicular, pancreatic","D, Mis, N, F, S"
ACSL6,142,1,4,142,TRUE,2,fusion,"AML, AEL",,T
CTNNB1,142,1,8,142,TRUE,1,"oncogene, fusion","colorectal, ovarian,  hepatoblastoma, pleomorphic salivary gland adenoma, other tumour types",,"Mis, O, T"
MLH1,142,1,8,142,TRUE,1,TSG,"colorectal, endometrial, ovarian, CNS tumours","colorectal, endometrial, ovarian, CNS","D, Mis, N, F, S"
MYD88,142,1,8,142,TRUE,1,oncogene,ABC-DLBCL,,Mis
GNAQ,141,1,11,141,TRUE,1,oncogene,"uveal melanoma, primary central nervous system melanocytic neoplasms",,Mis
KLF4,141,1,11,141,TRUE,1,"oncogene, TSG",meningioma,,Mis
SMARCA4,141,1,4,141,TRUE,1,TSG,"NSCLC, SCCOHT",,"F, N, Mis, S"
TCF3,141,1,4,141,TRUE,1,"oncogene, TSG, fusion",pre B-ALL,,T
ARHGAP26,140,1,4,140,TRUE,1,"TSG, fusion","AML, MDS",,"T, F, S"
DOT1L,140,1,4,140,FALSE,,,,,
NR4A3,140,1,11,140,TRUE,1,"oncogene, fusion",extraskeletal myxoid chondrosarcoma,,T
TAL2,140,1,11,140,TRUE,1,"oncogene, fusion",T-ALL,,T
XPC,140,1,8,140,TRUE,1,TSG,,"skin basal cell, skin squamous cell, melanoma","Mis, N, F, S"
ZNF483,140,1,11,140,FALSE,,,,,
FANCC,139,1,11,139,TRUE,1,TSG,,"AML, leukaemia","D, Mis, N, F, S"
FSTL3,139,1,4,139,TRUE,1,"oncogene, fusion",B-CLL,,T
SH3GL1,139,1,4,139,TRUE,1,"oncogene, fusion",AL,,T
XPA,139,1,11,139,TRUE,1,TSG,,"skin basal cell, skin squamous cell, melanoma","Mis, N, F, S"
FANCD2,138,1,8,138,TRUE,1,TSG,,"AML, leukaemia","D, Mis, N, F"
GNA11,138,1,4,138,TRUE,1,oncogene,"uveal melanoma, primary central nervous system melanocytic neoplasms",,Mis
MLLT1,138,1,4,138,TRUE,1,fusion,AL,,T
MLLT3,138,1,28,138,TRUE,1,fusion,ALL,,T
PPARG,138,1,8,138,TRUE,1,"TSG, fusion",follicular thyroid,,T
PSIP1,138,1,28,138,TRUE,1,"oncogene, fusion",AML,,T
PTCH1,138,1,11,138,TRUE,1,TSG,"skin basal cell, medulloblastoma","skin basal cell, medulloblastoma","Mis, N, F, S"
RAF1,138,1,8,138,TRUE,1,"oncogene, fusion","pilocytic astrocytoma, prostate",,"T, A"
SRGAP3,138,1,8,138,TRUE,2,fusion,pilocytic astrocytoma,,T
SYK,138,1,11,138,TRUE,1,"oncogene, fusion","MDS, peripheral T-cell lymphoma",,T
VHL,138,1,8,138,TRUE,1,TSG,"renal, haemangioma, pheochromocytoma","renal, haemangioma, pheochromocytoma","D, Mis, N, F, S"
CALR,136,1,4,136,TRUE,1,oncogene,"MPN, MDS",,"F, Mis"
LYL1,136,1,4,136,TRUE,1,"oncogene, fusion",T-ALL,,T
MAP2K2,135,1,4,135,TRUE,1,oncogene,"NSCLC, melanoma",,Mis
OMD,134,1,11,134,TRUE,2,fusion,aneurysmal bone cyst,,T
RASA1,134,1,4,134,FALSE,,,,,
BHMT2,130,1,4,130,FALSE,,,,,
PIK3R1,130,1,4,130,TRUE,1,TSG,"glioblastoma, ovarian, colorectal",,"Mis, F, O"
BRD4,129,1,4,129,TRUE,1,"oncogene, fusion",lethal midline carcinoma of young people,,T
JAK2,128,1,28,128,TRUE,1,"oncogene, fusion","ALL, AML, MPN,  CML",,"T, Mis, O"
NFIB,128,1,28,128,TRUE,1,fusion,"adenoid cystic carcinoma, lipoma",,T
CD274,127,1,28,127,TRUE,1,"TSG, fusion","PMBL, Hodgkin lymphoma",,T
PDCD1LG2,127,1,28,127,TRUE,1,"oncogene, fusion","PMBL, Hodgkin lymphoma",,T
CD74,125,1,6,125,TRUE,1,"oncogene, fusion",NSCLC,,T
ITK,125,1,4,125,TRUE,1,fusion,peripheral T-cell lymphoma,,T
PDGFRB,125,1,6,125,TRUE,1,"oncogene, fusion","MPN, AML, CMML, CML",,T
PWWP2A,123,1,4,123,TRUE,2,fusion,Spitzoid tumour,,T
EBF1,122,1,4,122,TRUE,1,"TSG, fusion",lipoma,,T
FGFR4,119,1,4,119,TRUE,1,oncogene,rhabdomyosarcoma,,Mis
NSD1,119,1,4,119,TRUE,1,fusion,AML,,T
NPM1,117,1,4,117,TRUE,1,"oncogene, fusion","NHL, APL, AML",,"T, F"
RANBP17,117,1,4,117,FALSE,,,,,
TLX3,117,1,4,117,TRUE,1,"oncogene, fusion",T-ALL,,T
TPM4,116,1,4,116,TRUE,1,fusion,ALCL,,T
FGFR1,114,1,6,114,TRUE,1,"oncogene, fusion","MPN, NHL, salivary adenoma",,T
PLXNB2,113,1,8,113,FALSE,,,,,
FAS,112,1,2,112,TRUE,1,TSG,"TGCT, nasal NK/T lymphoma, skin squamous cell carcinoma-burn scar related",,Mis
APOL2,111,1,8,111,FALSE,,,,,
BCOR,111,1,40,111,TRUE,1,"TSG, fusion","retinoblastoma, AML, APL (translocation)",,"F, N, S, T"
BMPR1A,111,1,2,111,TRUE,1,"oncogene, TSG",,gastrointestinal polyps,"Mis, N, F"
EP300,111,1,8,111,TRUE,1,"TSG, fusion","colorectal, breast, pancreatic, AML, ALL, DLBCL",,"T,  N, F, Mis, O"
FLT4,111,1,4,111,TRUE,1,oncogene,soft tissue sarcoma,,A
MYH9,111,1,8,111,TRUE,1,"TSG, fusion",ALCL,,T
NUTM2A,111,1,2,111,FALSE,,,,,
PTEN,111,1,2,111,TRUE,1,TSG,"glioma, prostate, endometrial","harmartoma, glioma, prostate, endometrial","D, Mis, N, F, S"
PDGFB,110,1,8,110,TRUE,1,"oncogene, fusion",DFSP,,T
ELL,109,1,4,109,TRUE,1,"TSG, fusion",AL,,T
JAK3,109,1,4,109,TRUE,1,oncogene,"acute megakaryocytic leukaemia, ETP ALL",,Mis
CRTC1,108,1,4,108,TRUE,1,"oncogene, fusion",salivary gland mucoepidermoid,,T
GATA1,108,1,40,108,TRUE,1,"oncogene, TSG",megakaryoblastic leukaemia of Downs syndrome,,"Mis, F"
SSX4,108,1,40,108,TRUE,1,"oncogene, fusion",synovial sarcoma,,T
TFE3,108,1,40,108,TRUE,1,"oncogene, fusion","papillary renal, alveolar soft part sarcoma, renal",,T
WAS,108,1,40,108,TRUE,1,oncogene,,lymphoma,"Mis, N, F, S"
KDM5C,107,1,40,107,TRUE,1,TSG,clear cell renal carcinoma,,"N, F, S, Mis"
NF2,107,1,8,107,TRUE,1,TSG,"meningioma, acoustic neuroma, renal","meningioma, acoustic neuroma","D, Mis, N, F, S, O"
NUTM2B,107,1,3,107,TRUE,1,fusion,endometrial stromal sarcoma,,T
SSX2,107,1,40,107,TRUE,1,"oncogene, fusion",synovial sarcoma,,T
DDX3X,106,1,40,106,TRUE,1,TSG,"CLL, medulloblastoma",,"Mis, N, F"
FGFR2,106,1,2,106,TRUE,1,"oncogene, fusion","gastric, NSCLC, endometrial",,Mis
RBM10,106,1,40,106,TRUE,1,TSG,lung adenocarcinoma,,"Mis, F, N"
SMC3,106,1,2,106,FALSE,,,,,
SSX1,106,1,40,106,TRUE,1,"oncogene, fusion",synovial sarcoma,,T
TLX1,106,1,2,106,TRUE,1,"oncogene, fusion",T-ALL,,T
FAT1,105,1,4,105,TRUE,1,TSG,"oral squamous cell, chemorefractory CLL, head and neck, pancreatic acinar cell carcinoma",pancreatic,"Mis, N, F, S"
IL6ST,105,1,4,105,TRUE,1,oncogene,hepatocellular carcinoma,,O
TCF7L2,105,1,2,105,TRUE,1,"oncogene, fusion",colorectal,,T
VTI1A,105,1,2,105,TRUE,2,fusion,colorectal,,T
KDM6A,104,1,40,104,TRUE,1,"oncogene, TSG","renal cell carcinoma, bladder carcinoma, oesophageal SCC, MM, medulloblastoma, T-ALL, other tumour types",,"D, N, F, S"
SDHB,104,1,2,104,TRUE,1,TSG,,"paraganglioma, pheochromocytoma","Mis, N, F"
SHTN1,104,1,2,104,TRUE,2,fusion,Spitzoid tumour,,T
IL2,103,1,3,103,TRUE,1,fusion,intestinal T-cell lymphoma,,T
KAT6B,103,1,3,103,TRUE,1,"TSG, fusion","AML, leiomyoma",,T
NFKB2,103,1,2,103,TRUE,1,"oncogene, TSG, fusion",B-NHL,,T
NT5C2,103,1,2,103,TRUE,1,oncogene,relapse ALL,,Mis
SUFU,103,1,2,103,TRUE,1,TSG,medulloblastoma,medulloblastoma,"D, F, S"
HRAS,102,1,3,102,TRUE,1,oncogene,"infrequent sarcomas, rare other tumour types","rhabdomyosarcoma, ganglioneuroblastoma, bladder",Mis
MAP3K1,102,1,4,102,TRUE,1,"oncogene, TSG",luminal A breast,,"N, F, Mis, O, S"
PRDM16,102,1,4,102,TRUE,1,"oncogene, fusion","MDS, AML",,T
FBXW7,100,1,4,100,TRUE,1,TSG,"colorectal, endometrial, T-ALL",,"Mis, N, D, F"
PATZ1,100,1,8,100,TRUE,1,"TSG, fusion",Ewing sarcoma,,T
PRF1,99,1,3,99,TRUE,1,TSG,,"various leukaemia, lymphoma",M
TET1,99,1,3,99,TRUE,1,"oncogene, TSG, fusion",AML,,T
BCR,98,1,8,98,TRUE,1,fusion,"CML, ALL, AML",,T
CCDC6,98,1,3,98,TRUE,1,"TSG, fusion","papillary thyroid, CML, NSCLC",,T
CHEK2,98,1,8,98,TRUE,1,TSG,,breast,F
EWSR1,98,1,8,98,TRUE,1,"oncogene, fusion","Ewing sarcoma, desmoplastic small round cell tumour , ALL, clear cell sarcoma, sarcoma, myoepithelioma, mesothelioma",,T
ZRSR2,98,1,40,98,TRUE,1,TSG,"MDS, CLL",,"F, S, Mis"
MN1,97,1,8,97,TRUE,1,"oncogene, fusion","AML, MDS",,T
DUX4L1,96,1,4,96,TRUE,2,fusion,soft tissue sarcoma,,T
NUP98,96,1,3,96,TRUE,1,"oncogene, fusion",AML,,T
PLCG2,96,1,12,96,FALSE,,,,,
PPP3CA,96,1,3,96,FALSE,,,,,
RAP1GDS1,96,1,3,96,TRUE,1,"oncogene, fusion",T-ALL,,T
STIM1,95,1,3,95,FALSE,,,,,
INTS12,94,1,3,94,FALSE,,,,,
RPL22,94,1,4,94,TRUE,1,"TSG, fusion","AML, CML",,T
TET2,94,1,3,94,TRUE,1,TSG,MDS,,"Mis, N, F"
ZMYM2,94,1,13,94,TRUE,1,fusion,"MPN, NHL",,T
CDK12,93,1,3,93,TRUE,1,TSG,serous ovarian,,"Mis, N, F"
ERBB2,93,1,3,93,TRUE,1,"oncogene, fusion","breast, ovarian, other tumour types, NSCLC, gastric",,"A, Mis, O"
KAT6A,93,1,6,93,TRUE,1,"oncogene, fusion",AML,,"T, A"
PTPRK,93,1,3,93,TRUE,1,"TSG, fusion",colorectal,,T
RNF217-AS1,93,1,3,93,FALSE,,,,,
BRCA1,92,1,3,92,TRUE,1,TSG,ovarian,"breast, ovarian","D, Mis, N, F, S"
CAMTA1,92,1,3,92,TRUE,1,"TSG, fusion",epithelioid haemangioendothelioma,,T
ETV4,92,1,3,92,TRUE,1,"oncogene, fusion","Ewing sarcoma, prostate carcinoma",,T
FANCG,92,1,28,92,TRUE,1,TSG,,"AML, leukaemia","Mis, N, F, S"
FLT3,92,1,13,92,TRUE,1,oncogene,"AML, ALL",,"Mis, O"
LMO1,92,1,3,92,TRUE,1,"oncogene, fusion","T-ALL, neuroblastoma",neuroblastoma,"T, A"
MTOR,92,1,2,92,TRUE,1,oncogene,"endometrial carcinoma, head and neck, clear cell renal cell carcinoma, anaplastic thyroid cancer, urothelial cell carcinoma, central nervous system tumours, testicular germ cell tumours and other tumour types",,"Mis, N"
NBPF1,92,1,2,92,FALSE,,,,,
PRDM1,92,1,3,92,TRUE,1,TSG,DLBCL,,"D, N, Mis, F, S"
RSPO3,92,1,3,92,TRUE,1,"oncogene, fusion",colorectal,,T
SMARCB1,92,1,8,92,TRUE,1,TSG,malignant rhabdoid,malignant rhabdoid,"D, N, F, S"
CBFA2T3,91,1,12,91,TRUE,1,"TSG, fusion",AML,,T
CDX2,91,1,13,91,TRUE,1,"TSG, fusion",AML,,T
FOXO3,91,1,3,91,TRUE,1,"oncogene, TSG, fusion",AL,,T
MGA,91,1,7,91,FALSE,,,,,
RARA,91,1,3,91,TRUE,1,"oncogene, fusion",APL,,T
RBM15,91,1,3,91,TRUE,1,fusion,acute megakaryocytic leukaemia,,T
SMARCE1,91,1,3,91,TRUE,1,TSG,,meningioma,"F, Mis, N"
AFF1,90,1,3,90,TRUE,1,fusion,AL,,T
EZH1,90,1,3,90,FALSE,,,,,
GOPC,90,1,3,90,TRUE,1,fusion,"glioblastoma, cholangiocarcinoma, borderline ovarian",,T
MAF,90,1,12,90,TRUE,1,"oncogene, fusion",MM,,T
POLE,90,1,4,90,TRUE,1,TSG,"colorectal carcinoma, endometrioid carcinoma, stomach carcinoma, skin cancer",colorectal cancer susceptibility,Mis
SPEN,90,1,2,90,TRUE,1,TSG,"SMZL, adenoid cystic carcinoma, DLBCL",,"F, Mis, N"
FOXO1,89,1,13,89,TRUE,1,"oncogene, TSG, fusion",alveolar rhabdomyosarcoma,,T
PAX5,89,1,28,89,TRUE,1,"oncogene, TSG, fusion","NHL, ALL, B-ALL",,"T, Mis, D, F, S"
ROS1,89,1,3,89,TRUE,1,"oncogene, fusion","glioblastoma, NSCLC, Spitzoid tumour, cholangiocarcinoma, borderline ovarian",,T
STAT3,89,1,3,89,TRUE,1,oncogene,T-cell large granular lymphocytic leukaemia,paediatric large granular lymphocytic leukaemia,"Mis,O"
STAT5B,89,1,3,89,TRUE,1,"oncogene, TSG, fusion","large granular lymphocytic leukaemia, skin basal cell, APL",,"Mis, O, T"
TNFRSF14,89,1,4,89,TRUE,1,TSG,follicular lymphoma,,"Mis, N, F"
ARID1A,88,1,2,88,TRUE,1,"TSG, fusion","clear cell ovarian carcinoma, RCC, breast",,"Mis, N, F, S, D, T"
BCL7A,88,1,4,88,TRUE,1,fusion,BNHL,,T
BRCA2,88,1,13,88,TRUE,1,TSG,"breast, ovarian, pancreatic","breast, ovarian, pancreatic, leukaemia  (FANCB, FANCD1)","D, Mis, N, F, S"
CLIP1,88,1,4,88,TRUE,1,fusion,Spitzoid tumour,,T
HNF1A,88,1,4,88,TRUE,1,TSG,"hepatic adenoma, hepatocellular","hepatic adenoma, hepatocellular carcinoma","Mis, F"
NF1,88,1,3,88,TRUE,1,"TSG, fusion","neurofibroma, glioma","neurofibroma, glioma","D, Mis, N, F, S, O"
NRAS,88,1,4,88,TRUE,1,oncogene,"melanoma, MM, AML, thyroid",,Mis
TRIM33,88,1,4,88,TRUE,1,"TSG, fusion",papillary thyroid,,T
ZCCHC8,88,1,4,88,TRUE,2,fusion,Spitzoid tumour,,T
B2M,87,1,4,87,TRUE,1,TSG,"DLBCL, melanoma, colorectal adenocarcinoma",,"Mis, N, F"
CNKSR1,87,1,2,87,FALSE,,,,,
ESR1,87,1,3,87,TRUE,1,"oncogene, TSG, fusion",breast,,Mis
EZR,87,1,3,87,TRUE,1,fusion,NSCLC,,T
HMGN2P46,87,1,4,87,TRUE,2,fusion,prostate,,T
LATS1,87,1,3,87,TRUE,1,TSG,skin basal cell carcinoma,,"Mis, N"
PAX7,87,1,2,87,TRUE,1,fusion,alveolar rhabdomyosarcoma,,T
TP53BP1,87,1,7,87,FALSE,,,,,
ARID1B,86,1,3,86,TRUE,1,TSG,"breast, hepatocellular carcinoma, clear cell ovarian carcinoma",,"Mis, F, N, O"
ATP1A1,86,1,4,86,TRUE,1,"oncogene, TSG",adrenal aldosterone producing adenoma,,"Mis, O"
IKBKB,86,1,6,86,TRUE,1,oncogene,SMZL,,Mis
MDS2,86,1,2,86,TRUE,2,fusion,MDS,,T
NUTM1,86,1,7,86,TRUE,1,"oncogene, fusion",lethal midline carcinoma,,T
SS18,86,1,8,86,TRUE,1,fusion,synovial sarcoma,,T
STX2,86,1,4,86,FALSE,,,,,
ZNF521,86,1,8,86,TRUE,1,"oncogene, fusion",ALL,,T
BUB1B,85,1,7,85,TRUE,1,TSG,,rhabdomyosarcoma,"Mis, N, F, S"
GNPTAB,85,1,4,85,FALSE,,,,,
HOOK3,85,1,6,85,TRUE,1,fusion,papillary thyroid,,T
LASP1,85,1,3,85,TRUE,1,fusion,AML,,T
RNF213,85,1,3,85,TRUE,1,fusion,ALCL,,T
TBX3,85,1,4,85,TRUE,1,"oncogene, TSG","breast, large intestine, skin",,"Mis, N, F, O"
ALDH2,84,1,4,84,TRUE,2,fusion,leiomyoma,,T
BCLAF1,84,1,3,84,TRUE,2,,"melanoma, SCC",,Mis
ECT2L,84,1,3,84,TRUE,2,,ETP ALL,,"N, S, Mis"
MLLT6,84,1,3,84,TRUE,1,fusion,AL,,T
MYB,84,1,3,84,TRUE,1,"oncogene, fusion",adenoid cystic carcinoma,,T
SH2B3,84,1,4,84,TRUE,1,TSG,"MPN, sAML, erythrocytosis, B-ALL",,"Mis, F, N"
MYOD1,83,1,3,83,TRUE,1,oncogene,embryonal rhabdomyosarcoma,,Mis
ODAM,83,1,3,83,FALSE,,,,,
PTPN11,83,1,4,83,TRUE,1,oncogene,"JMML, AML, MDS",,Mis
SUZ12,83,1,3,83,TRUE,1,"oncogene, TSG, fusion",endometrial stromal tumour,,T
TAF15,83,1,3,83,TRUE,1,"oncogene, fusion","extraskeletal myxoid chondrosarcoma, ALL",,T
TNFAIP3,83,1,3,83,TRUE,1,TSG,"marginal zone B-cell lymphomas, Hodgkin lymphoma, PMBL",,"D, N, F"
FANCA,82,1,12,82,TRUE,1,TSG,,"AML, leukaemia","D, Mis, N, F, S"
MYO5A,82,1,4,82,TRUE,1,fusion,Spitzoid tumour,,T
NCOA4,82,1,3,82,TRUE,1,"TSG, fusion",papillary thyroid,,T
RAD51B,82,1,3,82,TRUE,1,"TSG, fusion","lipoma, uterine leiomyoma",,T
SETBP1,82,1,14,82,TRUE,1,"oncogene, fusion","aCML, sAML, MDS/MPN-U, CMML, JMML",neuroepithelial tumours,"Mis, T"
CANT1,81,1,3,81,TRUE,1,fusion,prostate,,T
MBD1,81,1,14,81,FALSE,,,,,
SMAD4,81,1,14,81,TRUE,1,TSG,"colorectal, pancreatic, small intestine",gastrointestinal polyp,"D, Mis, N, F"
ERCC5,80,1,21,80,TRUE,1,TSG,,"skin basal cell, skin squamous cell, melanoma","Mis, N, F"
FGFBP1,80,1,4,80,FALSE,,,,,
GATA3,80,1,3,80,TRUE,1,"oncogene, TSG",breast,,"F, N, S"
U2AF1,80,1,4,80,TRUE,1,oncogene,"CLL, MDS",,Mis
ZNF331,80,1,4,80,TRUE,1,"TSG, fusion",follicular thyroid adenoma,,T
AKT1,79,1,3,79,TRUE,1,oncogene,"breast, colorectal, ovarian, NSCLC",,Mis
BCL11B,79,1,3,79,TRUE,1,"oncogene, TSG, fusion",T-ALL,,T
BTG1,79,1,4,79,TRUE,1,"TSG, fusion",B-CLL,,T
CDKN1B,79,1,5,79,TRUE,1,TSG,"breast, small intestine neuroendocrine tumours","pituitary, parathyroid",F
ETV6,79,1,5,79,TRUE,1,"TSG, fusion","congenital fibrosarcoma, multiple different leukaemia and lymphoma tumour types including ALL, secretory breast, MDS",,T
PPP2R1A,79,1,4,79,TRUE,1,TSG,clear cell ovarian carcinoma,,Mis
RET,79,1,3,79,TRUE,1,"oncogene, fusion","medullary thyroid, papillary thyroid, pheochromocytoma, NSCLC, Spitzoid tumour","medullary thyroid,  papillary thyroid, pheochromocytoma","T, Mis, N, F"
SDHD,79,1,5,79,TRUE,1,TSG,,"paraganglioma, pheochromocytoma","Mis, N, F, S"
SRSF2,79,1,3,79,TRUE,1,oncogene,"MDS, CLL",,Mis
TMPRSS2,79,1,4,79,TRUE,1,fusion,prostate,,T
ZBTB16,79,1,5,79,TRUE,1,"TSG, fusion",APL,,T
ZFP36L1,79,1,3,79,FALSE,,,,,
ARHGAP35,78,1,4,78,FALSE,,,,,
CLTC,78,1,3,78,TRUE,1,"TSG, fusion","ALCL, renal",,T
CLTCL1,78,1,8,78,TRUE,1,"TSG, fusion",ALCL,,T
DICER1,78,1,3,78,TRUE,1,TSG,"sex cord-stromal tumour, TGCT, embryonal rhabdomyosarcoma, pleuropulmonary blastoma, pituitary blastoma, Wilms tumour, thyroid cancer, other tumour types",pleuropulmonary blastoma,"Mis, F, N"
GOLGA5,78,1,3,78,TRUE,1,fusion,"papillary thyroid, Spitzoid tumour",,T
HLF,78,1,3,78,TRUE,1,"oncogene, fusion",ALL,,T
ITGBL1,78,1,21,78,FALSE,,,,,
JUN,78,1,3,78,TRUE,1,oncogene,sarcoma,,A
MSI2,78,1,3,78,TRUE,1,"oncogene, fusion",CML,,T
OMA1,78,1,3,78,FALSE,,,,,
POU2AF1,78,1,5,78,TRUE,1,"oncogene, fusion",NHL,,T
PTPRU,78,1,2,78,FALSE,,,,,
RPL5,78,1,3,78,TRUE,1,TSG,T-ALL,,"Mis, N, F"
RUNX1,78,1,4,78,TRUE,1,"oncogene, TSG, fusion","AML, pre B-ALL, T-ALL",,T
TCL1A,78,1,3,78,TRUE,1,"oncogene, fusion",T-CLL,,T
TCL6,78,1,3,78,FALSE,,,,,
TRIP11,78,1,3,78,TRUE,1,fusion,AML,,T
BCL10,77,1,3,77,TRUE,1,"TSG, fusion",MALT,,T
CBFB,77,1,12,77,TRUE,1,"TSG, fusion",AML,,T
CHD4,77,1,5,77,TRUE,1,oncogene,uterine serous carcinoma,,"Mis, F, N"
ERG,77,1,4,77,TRUE,1,"oncogene, fusion","Ewing sarcoma, prostate, AML",,"T, A"
KLK2,77,1,4,77,TRUE,1,fusion,prostate,,T
LCP1,77,1,13,77,TRUE,2,fusion,NHL,,T
PAFAH1B2,77,1,9,77,TRUE,1,fusion,MLCLS,,T
SLC34A2,77,1,4,77,TRUE,1,"TSG, fusion",NSCLC,,T
TFG,77,1,5,77,TRUE,1,fusion,"papillary thyroid, ALCL, NSCLC, extraskeletal myxoid chondrosarcoma",,T
TSHR,77,1,3,77,TRUE,1,oncogene,toxic thyroid adenoma,thyroid adenoma,Mis
ZNF384,77,1,5,77,TRUE,1,fusion,ALL,,T
ATF7IP,76,1,7,76,FALSE,,,,,
ATM,76,1,5,76,TRUE,1,TSG,T-PLL,"leukaemia, lymphoma, medulloblastoma, glioma","D, Mis, N, F, S"
CDH11,76,1,12,76,TRUE,1,"TSG, fusion",aneurysmal bone cyst,,T
CTCF,76,1,12,76,TRUE,1,TSG,"endometrial, breast, head and neck cancer",,"Mis, N"
DDX10,76,1,5,76,TRUE,1,"TSG, fusion",AML*,,T
FANCF,76,1,4,76,TRUE,1,TSG,,"AML, leukaemia","N, F"
PCSK7,76,1,9,76,FALSE,,,,,
CD79B,75,1,3,75,TRUE,1,oncogene,"DLBCL, WM",,"Mis, S"
KLF5,75,1,13,75,FALSE,,,,,
LCK,75,1,2,75,TRUE,1,"oncogene, fusion",T-ALL,,T
MALT1,75,1,14,75,TRUE,1,"oncogene, fusion",MALT,,T
OLIG2,75,1,4,75,TRUE,1,"oncogene, fusion",T-ALL,,T
RB1,75,1,13,75,TRUE,1,TSG,"retinoblastoma, sarcoma, breast, small cell lung carcinoma","retinoblastoma, sarcoma, breast, small cell lung carcinoma","D, Mis, N, F, S"
CBL,74,1,9,74,TRUE,1,"oncogene, TSG, fusion","AML, JMML, MDS",,"T, Mis, S, O"
CDH1,74,1,12,74,TRUE,1,TSG,"lobular breast, gastric",gastric,"Mis, N, F, S"
CMTR2,74,1,12,74,FALSE,,,,,
FUBP1,74,1,3,74,TRUE,1,oncogene,oligodendroglioma,,"F, N"
HSP90AA1,74,1,3,74,TRUE,1,fusion,NHL,,T
MAX,74,1,3,74,TRUE,1,TSG,"pheochromocytoma, endometrioid carcinoma, colon carcinoma",pheochromocytoma,"Mis, N, F"
PRKAR1A,74,1,3,74,TRUE,1,"oncogene, TSG, fusion",papillary thyroid,"myxoma, endocrine, papillary thyroid","T, Mis, N, F, S"
TCF12,74,1,4,74,TRUE,1,fusion,extraskeletal myxoid chondrosarcoma,,T
CNOT3,73,1,4,73,TRUE,1,TSG,T-ALL,,"Mis, N, F"
DDX5,73,1,3,73,TRUE,1,"oncogene, fusion",prostate,,T
DDX6,73,1,9,73,TRUE,1,"oncogene, fusion",B-NHL,,T
DEK,73,1,2,73,TRUE,1,"oncogene, fusion",AML,,T
GPHN,73,1,3,73,TRUE,1,fusion,AL,,T
KMT2A,73,1,9,73,TRUE,1,"oncogene, fusion","AML, ALL",,"T, O"
MLLT10,73,1,3,73,TRUE,1,"oncogene, fusion",AL,,T
NOTCH2,73,1,4,73,TRUE,1,"oncogene, TSG","marginal zone lymphoma, DLBCL, bladder",,"N, F, Mis"
TFPT,73,1,4,73,TRUE,2,fusion,pre-B ALL,,T
ABI1,72,1,3,72,TRUE,1,"TSG, fusion",AML,,T
ARHGEF12,72,1,9,72,TRUE,1,"TSG, fusion",AML,,T
BRIP1,72,1,3,72,TRUE,1,TSG,,"AML, leukaemia, breast","F, N, Mis"
CCND2,72,1,5,72,TRUE,1,"oncogene, fusion","NHL,CLL",,T
CDKN2C,72,1,3,72,TRUE,1,TSG,"glioma, MM",,D
EPS15,72,1,3,72,TRUE,1,"TSG, fusion",ALL,,T
IRF4,72,1,3,72,TRUE,1,"oncogene, TSG, fusion",MM,,T
NIN,72,1,3,72,TRUE,1,fusion,MPN,,T
PML,72,1,4,72,TRUE,1,"TSG, fusion","APL, ALL",,T
RNF43,72,1,3,72,TRUE,1,TSG,"cholangiocarcinoma, ovary, pancreas",,"Mis, N, F, S"
AXIN2,71,1,3,71,TRUE,1,TSG,"colorectal carcinoma, stomach carcinoma, hepatocellular carcinoma",colorectal carcinoma,"Mis, F, N"
BCL2,71,1,14,71,TRUE,1,"oncogene, fusion","NHL, CLL",,T
CBLB,71,1,5,71,TRUE,1,TSG,AML,,"Mis, S"
CHD8,71,1,2,71,FALSE,,,,,
COL1A1,71,1,3,71,TRUE,1,fusion,"DFSP, aneurysmal bone cyst",,T
FLI1,71,1,9,71,TRUE,1,"oncogene, fusion",Ewing sarcoma,,T
KDM5A,71,1,5,71,TRUE,1,"oncogene, fusion",AML,,T
KDSR,71,1,14,71,TRUE,1,fusion,B-NHL,,T
KIF5B,71,1,3,71,TRUE,1,fusion,"NSCLC, Spitzoid tumour",,T
KLF6,71,1,3,71,TRUE,1,TSG,"prostate, glioma",,"Mis, N"
MAP2K1,71,1,4,71,TRUE,1,oncogene,"NSCLC, melanoma, colorectal",,Mis
BCL3,70,1,4,70,TRUE,1,"oncogene, fusion",CLL,,T
CBLC,70,1,4,70,TRUE,1,"oncogene, TSG",AML,,M
CEP76,70,1,8,70,FALSE,,,,,
ETNK1,70,1,5,70,TRUE,1,TSG,"aCML, CMML, SM-AHD, HES",,Mis
JAK1,70,1,3,70,TRUE,1,"oncogene, TSG",ALL,,Mis
KCNJ5,70,1,9,70,TRUE,1,oncogene,adrenal adenoma,,Mis
LMO2,70,1,4,70,TRUE,1,"oncogene, fusion",T-ALL,,T
ATR,69,1,5,69,TRUE,1,TSG,"endometrial, gastric, epithelial ovarian, myeloma",oropharyngeal,F; Mis
SFPQ,69,1,2,69,TRUE,1,"TSG, fusion",papillary renal,,T
SPOP,69,1,3,69,TRUE,1,TSG,"prostate, endometrial",prostate cancer,Mis
ZNF180,69,1,4,69,FALSE,,,,,
CIC,68,1,4,68,TRUE,1,"oncogene, TSG, fusion","oligodendroglioma, soft tissue sarcoma",,"Mis, F, S,T"
FOXA1,68,1,2,68,TRUE,1,oncogene,"breast, prostate",,"Mis, F"
KTN1,68,1,3,68,TRUE,1,fusion,papillary thyroid,,T
SERPINB13,68,1,14,68,FALSE,,,,,
AMER1,67,1,6,67,TRUE,1,TSG,Wilms tumour,,"F, D, N, Mis"
ERC1,67,1,5,67,TRUE,1,fusion,"papillary thyroid, Spitzoid tumour",,T
ERCC2,67,1,4,67,TRUE,1,TSG,,"skin basal cell, skin squamous cell, melanoma","Mis, N, F, S"
FGFR3,67,1,5,67,TRUE,1,"oncogene, fusion","bladder, MM, T-cell lymphoma",,"Mis, T"
MLF1,67,1,4,67,TRUE,1,"TSG, fusion",AML,,T
STIL,67,1,2,67,TRUE,1,"oncogene, fusion",T-ALL,,T
TAL1,67,1,2,67,TRUE,1,"oncogene, fusion",lymphoblastic leukaemia/biphasic,,T
CSF3R,66,1,2,66,TRUE,1,oncogene,"aCML, CNL,  leukaemia lymphoma and MDS associated with severe congenital neutropenia, CMML, de novo AML, MDS",,"Mis, N"
GMPS,66,1,4,66,TRUE,2,fusion,AML,,T
HERPUD1,66,1,12,66,TRUE,1,fusion,prostate,,T
MUTYH,66,1,2,66,TRUE,1,TSG,,colorectal,Mis
NKX2-1,66,1,2,66,TRUE,1,"oncogene, TSG",NSCLC,,A
THRAP3,66,1,2,66,TRUE,2,fusion,aneurysmal bone cyst,,T
BLM,65,1,4,65,TRUE,1,TSG,,"leukaemia, lymphoma, skin squamous cell, other tumour types","Mis, N, F"
CD79A,65,1,4,65,TRUE,1,oncogene,"DLBCL, WM",,S
FANCM,65,1,2,65,FALSE,,,,,
MYCL,65,1,2,65,TRUE,1,oncogene,small cell lung carcinoma,,A
NTRK3,65,1,4,65,TRUE,1,"oncogene, fusion","congenital fibrosarcoma, secretory breast",,T
CRTC3,64,1,4,64,TRUE,1,fusion,salivary gland mucoepidermoid,,T
IDH2,64,1,4,64,TRUE,1,oncogene,glioblastoma,,Mis
KDR,64,1,3,64,TRUE,1,oncogene,"NSCLC, angiosarcoma",melanoma,Mis
KLHL5,64,1,3,64,FALSE,,,,,
RHOH,64,1,3,64,TRUE,1,"TSG, fusion",NHL,,T
BIRC3,63,1,5,63,TRUE,1,"oncogene, TSG, fusion","CLL, MALT, MCL, MM",,"D, F, N, T, Mis"
CCNB1IP1,63,1,4,63,TRUE,1,"TSG, fusion",leiomyoma,,T
MPL,63,1,2,63,TRUE,1,oncogene,MPN,MPN,Mis
PHOX2B,63,1,3,63,TRUE,1,TSG,neuroblastoma,neuroblastoma,"Mis, F"
ACSL3,62,1,3,62,TRUE,1,fusion,prostate,,T
ARID2,62,1,4,62,TRUE,1,TSG,hepatocellular carcinoma,,"N, S, F"
GATA2,62,1,5,62,TRUE,1,oncogene,AML (CML blast transformation),,Mis
HLA-A,62,1,2,62,TRUE,1,fusion,Spitzoid tumour,,T
KIT,62,1,3,62,TRUE,1,oncogene,"GIST, AML, TGCT, mastocytosis, mucosal melanoma","GIST, epithelioma","Mis, O"
KRAS,62,1,5,62,TRUE,1,oncogene,"pancreatic, colorectal, lung, thyroid, AML, other tumour types",,Mis
MAP3K13,62,1,7,62,TRUE,1,"oncogene, TSG",breast,,F
PAX3,62,1,3,62,TRUE,1,"oncogene, fusion",alveolar rhabdomyosarcoma,,T
PDGFRA,62,1,3,62,TRUE,1,"oncogene, fusion","GIST, idiopathic hypereosinophilic syndrome, paediatric glioblastoma",GIST,"Mis, O, T"
POU5F1,62,1,2,62,TRUE,1,"oncogene, fusion",sarcoma,,T
RPN1,62,1,5,62,TRUE,1,fusion,AML,,T
WWTR1,62,1,5,62,TRUE,1,"oncogene, fusion",epithelioid haemangioendothelioma,,T
ACKR3,61,1,3,61,TRUE,1,"oncogene, fusion",lipoma,,T
CHIC2,61,1,3,61,TRUE,2,fusion,AML,,T
CNBP,61,1,5,61,TRUE,1,"TSG, fusion",aneurysmal bone cyst,,T
PASK,61,1,3,61,FALSE,,,,,
PTPRB,61,1,4,61,TRUE,1,TSG,angiosarcoma,,"N, Mis, S, F"
WT1,61,1,4,61,TRUE,1,"oncogene, TSG, fusion","Wilms tumour, desmoplastic small round cell tumour",Wilms tumour,"D, Mis, N, F, S, T"
AXIN1,60,1,2,60,TRUE,1,TSG,"colorectal, endometrial, prostate, hepatocellular carcinoma, hepatoblastoma, sporadic medulloblastoma",,"D, Mis, N, F, S"
CYLD,60,1,12,60,TRUE,1,TSG,cylindroma,cylindroma,"Mis, N, F, S"
ETV5,60,1,7,60,TRUE,1,"oncogene, fusion",prostate,,T
FEV,60,1,3,60,TRUE,1,"oncogene, fusion",Ewing sarcoma,,T
FIP1L1,60,1,3,60,TRUE,1,fusion,idiopathic hypereosinophilic syndrome,,T
FOXL2,60,1,5,60,TRUE,1,"oncogene, TSG",granulosa-cell tumour of the ovary,,Mis
TFRC,60,1,4,60,TRUE,2,fusion,NHL,,T
TRIM27,60,1,2,60,TRUE,1,"oncogene, fusion",papillary thyroid,,T
BCL6,59,1,7,59,TRUE,1,"oncogene, fusion","NHL, CLL",,"T, Mis"
EIF4A2,59,1,7,59,TRUE,1,fusion,NHL,,T
HMGA2,59,1,4,59,TRUE,1,"oncogene, fusion","lipoma, leiomyoma, pleomorphic salivary gland adenoma",,T
LPP,59,1,7,59,TRUE,1,"oncogene, fusion","lipoma, leukaemia",,T
PICALM,59,1,5,59,TRUE,1,fusion,"T-ALL, AML",,T
PPFIBP1,59,1,5,59,TRUE,1,fusion,"Spitzoid tumour, inflammatory myofibroblastic tumour",,T
WIF1,59,1,4,59,TRUE,1,"TSG, fusion",pleomorphic salivary gland adenoma,,T
COL2A1,58,1,4,58,TRUE,1,fusion,"chondrosarcoma, enchondroma",,"F, Mis, N, T"
CUL3,58,1,3,58,TRUE,2,TSG,lung cancer,,N
HMGA1,57,1,5,57,TRUE,1,"oncogene, fusion","microfollicular thyroid adenoma, various benign mesenchymal tumours",,T
KMT2D,57,1,4,57,TRUE,1,"oncogene, TSG","medulloblastoma, renal",,"N, F, Mis"
MAML2,57,1,5,57,TRUE,1,"oncogene, fusion",salivary gland mucoepidermoid,,T
PIM1,57,1,2,57,TRUE,1,"oncogene, fusion",NHL,,"T, Mis"
MDM2,56,1,4,56,TRUE,1,oncogene,"sarcoma, glioma, colorectal, other tumour types",,A
SOX2,56,1,7,56,TRUE,1,oncogene,"NSCLC, oesophageal squamous carcinoma",,A
ACVR1B,55,1,4,55,FALSE,,,,,
AKT2,55,1,4,55,TRUE,1,oncogene,"ovarian, pancreatic",,A
ATF1,55,1,4,55,TRUE,1,"oncogene, fusion","malignant melanoma of soft parts, angiomatoid fibrous histiocytoma",,T
MECOM,55,1,4,55,TRUE,1,"oncogene, fusion","AML, CML, MDS",,T
PIK3CA,55,1,7,55,TRUE,1,oncogene,"colorectal, gastric, glioblastoma, breast",,Mis
ATIC,54,1,3,54,TRUE,1,fusion,ALCL,,T
ERBB3,54,1,3,54,TRUE,1,oncogene,"colon, gastric, head and neck, bladder, skin",,"Mis, N"
FANCE,54,1,5,54,TRUE,1,TSG,,"AML, leukaemia","N, F, S"
SMARCD1,54,1,4,54,TRUE,1,TSG,breast,,N
TSC2,54,1,2,54,TRUE,1,TSG,"pulmonary lymphangioleiomyomatosis (LAM), renal angiomyolipoma, HNSCC","hamartoma, renal cell carcinoma, tuberous sclerosis tuber","D, Mis, N, F, S"
CREBBP,53,1,2,53,TRUE,1,"oncogene, TSG, fusion","ALL, AML, DLBCL, B-NHL",,"T, N, F, Mis, O"
RMI2,53,1,3,53,TRUE,1,"TSG, fusion","PMBL, Hodgkin lymphoma",,T
SRSF3,53,1,5,53,TRUE,1,"oncogene, fusion",follicular lymphoma,,T
CIITA,52,1,3,52,TRUE,1,"TSG, fusion","PMBL, Hodgkin lymphoma",,T
CREB1,52,1,3,52,TRUE,1,"oncogene, fusion","clear cell sarcoma, angiomatoid fibrous histiocytoma",,T
GRIN2A,52,1,3,52,TRUE,1,TSG,"melanoma, colorectal carcinoma, gastric carcinoma, lung carcinoma",,"Mis, N, F, O"
HOXC11,52,1,3,52,TRUE,1,"oncogene, fusion",AML,,T
HOXC13,52,1,3,52,TRUE,1,"oncogene, fusion",AML,,T
IDH1,52,1,3,52,TRUE,1,oncogene,glioblastoma,,Mis
SOCS1,52,1,3,52,TRUE,1,TSG,"Hodgkin lymphoma, PMBL",,"F, O"
NAB2,51,1,3,51,TRUE,1,"TSG, fusion","solitary fibrous tumour, meningeal haemangiopericytoma",,T
STAT6,51,1,3,51,TRUE,1,"oncogene, fusion","solitary fibrous tumour, meningeal haemangiopericytoma",,T
TBL1XR1,51,1,7,51,TRUE,1,"oncogene, TSG, fusion","splenic marginal zone lymphoma, primary central nervous system lymphoma, colorectal carcinoma, gallbladder carcinoma",,"F, Mis"
RPS2,50,1,2,50,FALSE,,,,,
TFEB,50,1,3,50,TRUE,1,"oncogene, fusion",renal cell carcinoma (childhood epithelioid),,T
TRAF7,50,1,2,50,TRUE,1,TSG,meningioma,,Mis
CASP8,49,1,4,49,TRUE,1,TSG,"hepatocellular, oral squamous cell, breast",,"N, S, F"
CCND3,49,1,3,49,TRUE,1,"oncogene, fusion",MM,,T
DDB2,49,1,5,49,TRUE,1,"oncogene, TSG",,"skin basal cell, skin squamous cell, melanoma","Mis, N"
CHCHD7,48,1,3,48,TRUE,1,fusion,salivary adenoma,,T
DAXX,48,1,2,48,TRUE,1,"oncogene, TSG","pancreatic neuroendocrine tumour, paediatric glioblastoma",,"Mis, F, N"
EXT2,48,1,5,48,TRUE,1,TSG,,"exostoses, osteosarcoma","Mis, N, F, S"
NACA,48,1,3,48,TRUE,2,fusion,NHL,,T
PLAG1,48,1,3,48,TRUE,1,"oncogene, fusion","salivary adenoma, lipoblastoma",,T
CDK4,47,1,3,47,TRUE,1,oncogene,,melanoma,Mis
SNX29,47,1,3,47,TRUE,2,fusion,"PMBL, Hodgkin lymphoma",,T
ACVR1,46,1,4,46,TRUE,1,oncogene,DIPG,,Mis
CREB3L1,46,1,5,46,TRUE,1,"TSG, fusion",myxofibrosarcoma,,T
DDIT3,46,1,3,46,TRUE,1,"oncogene, fusion",liposarcoma,,T
LRIG3,46,1,3,46,TRUE,1,"TSG, fusion",NSCLC,,T
MYH11,46,1,3,46,TRUE,1,fusion,AML,,T
TCEA1,46,1,3,46,TRUE,1,fusion,salivary adenoma,,T
HSP90AB1,45,1,1,45,TRUE,1,fusion,NHL,,T
MEN1,45,1,2,45,TRUE,1,TSG,"parathyroid tumours, pancreatic neuroendocrine tumour","parathyroid adenoma, pituitary adenoma, pancreatic islet cell, carcinoid","D, Mis, N, F, S"
NFKBIE,45,1,1,45,TRUE,1,TSG,"CLL, desmoplastic melanoma",,"F, Mis"
PMS1,45,1,4,45,TRUE,2,,,"colorectal, endometrial, ovarian","Mis, N"
TNFRSF17,45,1,3,45,TRUE,1,"oncogene, fusion",intestinal T-cell lymphoma,,T
ERCC4,44,1,3,44,TRUE,1,TSG,,"skin basal cell, skin squamous cell, melanoma","Mis, N, F"
KMT2B,44,1,4,44,FALSE,,,,,
CEBPA,43,1,4,43,TRUE,1,TSG,"AML, MDS",,"Mis, N, F"
CEP89,43,1,4,43,TRUE,2,fusion,Spitzoid tumour,,T
IL21R,43,1,3,43,TRUE,1,fusion,NHL,,T
PALB2,43,1,3,43,TRUE,1,TSG,,"Wilms tumour, medulloblastoma, AML ,breast","F, N, Mis"
CLP1,42,1,2,42,TRUE,2,fusion,AML,,T
COL5A2,42,1,4,42,FALSE,,,,,
NCOA2,42,1,3,42,TRUE,1,"oncogene, fusion","AML, chondrosarcoma, rhabdomyosarcoma",,T
SDHAF2,42,1,2,42,TRUE,1,TSG,,paraganglioma,M
SF3B1,42,1,4,42,TRUE,1,oncogene,myelodysplastic syndrome,,Mis
HOXD11,41,1,4,41,TRUE,1,"oncogene, fusion",AML,,T
HOXD13,41,1,4,41,TRUE,1,"oncogene, fusion",AML*,,T
MALAT1,41,1,2,41,TRUE,2,"oncogene, TSG, fusion","renal cell carcinoma (childhood epithelioid), lung",,T
NFE2L2,41,1,4,41,TRUE,1,"oncogene, TSG","NSCLC, HNSCC",,Mis
PDCD2L,41,1,4,41,FALSE,,,,,
DNMT3A,40,1,3,40,TRUE,1,TSG,AML,,"Mis, F, N, S"
LSM14A,40,1,4,40,TRUE,2,fusion,Spitzoid tumour,,T
NCOA1,40,1,3,40,TRUE,1,fusion,alveolar rhabdomyosarcoma,,T
FUS,39,1,3,39,TRUE,1,"TSG, fusion","liposarcoma, AML, Ewing sarcoma, angiomatoid fibrous histiocytoma, fibromyxoid sarcoma",,T
NUMA1,39,1,4,39,TRUE,1,fusion,APL,,T
POT1,39,1,3,39,TRUE,1,TSG,CLL,,"Mis, N"
CHN1,38,1,3,38,FALSE,,,,,
EZH2,38,1,3,38,TRUE,1,"oncogene, TSG",DLBCL,,Mis
KMT2C,38,1,3,38,TRUE,1,TSG,medulloblastoma,,N
MNX1,38,1,4,38,TRUE,2,fusion,AML,,T
MYCN,38,1,3,38,TRUE,1,oncogene,"neuroblastoma, Wilms tumour",,"A, Mis"
RUNX1T1,38,1,4,38,TRUE,1,"oncogene, TSG, fusion",AML,,T
ALK,37,1,2,37,TRUE,1,"oncogene, fusion","ALCL, NSCLC, neuroblastoma, inflammatory myofibroblastic tumour, Spitzoid tumour",neuroblastoma,"T, Mis, A"
ASXL2,37,1,3,37,TRUE,2,TSG,"melanoma, CCRCC, AML",,"O,N, F"
CCND1,37,1,1,37,TRUE,1,"oncogene, fusion","CLL, B-ALL, breast",,T
SND1,37,1,3,37,TRUE,1,"oncogene, fusion",pancreas acinar carcinoma,,T
CNBD1,36,1,4,36,TRUE,2,,"gastric cancer, colon cancer",,Mis
COX6C,36,1,4,36,TRUE,2,fusion,uterine leiomyoma,,T
MAFB,36,1,4,36,TRUE,1,"oncogene, fusion",MM,,T
PLCG1,36,1,4,36,TRUE,1,"oncogene, fusion",angiosarcoma,,Mis
TOP1,36,1,4,36,TRUE,1,fusion,AML*,,T
ERCC3,35,1,4,35,TRUE,1,TSG,,"skin basal cell, skin squamous cell, melanoma","Mis, S"
MSH2,35,1,2,35,TRUE,1,TSG,"colorectal, endometrial, ovarian","colorectal, endometrial, ovarian","D, Mis, N, F, S"
RECQL4,35,1,3,35,TRUE,1,"oncogene, TSG",,"osteosarcoma, skin basal cell, skin sqamous cell","N, F, S"
STRN,35,1,2,35,TRUE,1,fusion,"anaplastic thyroid, papillary thyroid, lung",,T
UBR5,35,1,4,35,TRUE,1,oncogene,"mantle cell lymphoma, gastric, colorectal",,"F, N, Mis, S"
EML4,34,1,2,34,TRUE,1,fusion,NSCLC,,T
MSH6,34,1,2,34,TRUE,1,TSG,colorectal,"colorectal, endometrial, ovarian","Mis, N, F, S"
MYC,34,1,2,34,TRUE,1,"oncogene, fusion","Burkitt lymphoma, amplified in other cancers, B-CLL",,"A, T"
NBN,34,1,4,34,TRUE,1,TSG,,"NHL, glioma, medulloblastoma, rhabdomyosarcoma","Mis, N, F"
SDC4,34,1,3,34,TRUE,1,fusion,NSCLC,,T
SMO,34,1,3,34,TRUE,1,oncogene,skin basal cell,,Mis
BRAF,33,1,3,33,TRUE,1,"oncogene, fusion","melanoma, colorectal, papillary thyroid, borderline ovarian, NSCLC, cholangiocarcinoma, pilocytic astrocytoma, Spitzoid tumour, pancreas acinar carcinoma, melanocytic nevus, prostate, gastric",,"Mis, T, O"
FBXO11,33,1,2,33,TRUE,1,TSG,DLBCL,,"Mis, F, D"
HEY1,33,1,3,33,TRUE,1,"oncogene, fusion",mesenchymal chondrosarcoma,,T
NDRG1,33,1,2,33,TRUE,1,"TSG, fusion",prostate,,T
CREB3L2,32,1,3,32,TRUE,1,"oncogene, fusion",fibromyxoid sarcoma,,T
EXT1,32,1,4,32,TRUE,1,"TSG, fusion",,"exostoses, osteosarcoma","Mis, N, F, S"
FAM131B,32,1,3,32,TRUE,2,fusion,pilocytic astrocytoma,,T
KIAA1549,32,1,3,32,TRUE,2,fusion,pilocytic astrocytoma,,T
MET,32,1,3,32,TRUE,1,oncogene,"papillary renal, head-neck squamous cell",papillary renal,Mis
RAD21,32,1,4,32,TRUE,1,"oncogene, TSG","AML, endometrium, colorectal, lung",,"Mis, N, F"
TRIM24,32,1,3,32,TRUE,1,"oncogene, TSG, fusion",APL,,T
BCL11A,31,1,2,31,TRUE,1,"oncogene, fusion",B-CLL,,T
DSN1,31,1,4,31,FALSE,,,,,
EIF3E,31,1,4,31,TRUE,1,"TSG, fusion",colorectal,,T
REL,31,1,2,31,TRUE,1,oncogene,Hodgkin lymphoma,,A
DCTN1,30,1,2,30,TRUE,1,fusion,"inflammatory myofibroblastic tumour, Spitzoid tumour",,T
NCOA6,30,1,4,30,FALSE,,,,,
PAX8,30,1,4,30,TRUE,1,fusion,follicular thyroid,,T
RSPO2,30,1,4,30,TRUE,1,"TSG, fusion",colorectal,,T
SLC4A5,30,1,2,30,FALSE,,,,,
TTL,30,1,4,30,FALSE,,,,,
XPO1,30,1,2,30,TRUE,1,oncogene,CLL,,Mis
CCNE1,29,1,4,29,TRUE,1,oncogene,serous ovarian,,A
HIP1,29,1,3,29,TRUE,1,"oncogene, fusion","CMML, NSCLC",,T
RANBP2,29,1,4,29,TRUE,1,"TSG, fusion",inflammatory myofibroblastic tumour,,T
ASXL1,28,1,5,28,TRUE,1,TSG,"MDS, CMML",,"F, N, Mis"
CUX1,28,1,3,28,TRUE,1,"oncogene, TSG","endometrial, melanoma, colorectal, AML, MDS, other tumour types",,"N,F,S,Mis,O,T"
ELN,28,1,3,28,TRUE,2,fusion,B-ALL,,T
HNRNPA2B1,27,1,2,27,TRUE,1,"oncogene, fusion",prostate,,T
HOXA11,27,1,2,27,TRUE,1,"oncogene, TSG, fusion",CML,,T
HOXA13,27,1,2,27,TRUE,1,"oncogene, fusion",AML,,T
HOXA9,27,1,2,27,TRUE,1,"oncogene, TSG, fusion",AML*,,T
JAZF1,27,1,2,27,TRUE,2,fusion,endometrial stromal tumour,,T
FH,26,1,4,26,TRUE,1,TSG,,"leiomyomatosis, renal","Mis, N, F"
GNAS,26,1,2,26,TRUE,1,oncogene,"pituitary adenoma, pancreatic intraductal papillary mucinous neoplasm, fibrous dysplasia",,Mis
NFATC2,26,1,2,26,TRUE,1,"oncogene, fusion",Ewing sarcoma,,T
AFF3,25,1,4,25,TRUE,1,"oncogene, fusion","ALL, T-ALL",,T
SBDS,25,1,3,25,TRUE,1,TSG,,"AML, MDS","F, N, O"
TPR,25,1,2,25,TRUE,1,fusion,"papillary thyroid, NSCLC",,T
IKZF1,24,1,2,24,TRUE,1,"TSG, fusion","ALL, DLBCL",,"D,T"
SS18L1,24,1,2,24,TRUE,1,fusion,synovial sarcoma,,T
ABL2,23,1,2,23,TRUE,1,"oncogene, fusion",AML,,T
AKAP9,23,1,3,23,TRUE,2,fusion,papillary thyroid,,T
CDC73,23,1,4,23,TRUE,1,TSG,parathyroid adenoma,"parathyroid adenoma, multiple ossifying jaw fibroma","Mis, N, F"
CDK6,23,1,3,23,TRUE,1,"oncogene, fusion",ALL,,T
ETV1,23,1,3,23,TRUE,1,"oncogene, fusion","Ewing sarcoma, prostate",,T
TRRAP,23,1,3,23,TRUE,1,oncogene,melanoma,,Mis
PTPRC,22,1,4,22,TRUE,1,TSG,T-ALL,,"Mis, N, S"
TIMM17A,21,1,4,21,FALSE,,,,,
CARD11,20,1,2,20,TRUE,1,oncogene,DLBCL,,Mis
PMS2,20,1,2,20,TRUE,1,TSG,,"colorectal, endometrial, ovarian, medulloblastoma, glioma","Mis, N, F"
PRRX1,20,1,2,20,TRUE,1,fusion,AML,,T
ELK4,19,1,4,19,TRUE,1,"oncogene, fusion",prostate,,T
FCGR2B,19,1,2,19,TRUE,1,"oncogene, fusion",ALL,,T
SDHC,19,1,2,19,TRUE,1,TSG,,"paraganglioma, pheochromocytoma","Mis, N, F"
SLC45A3,19,1,4,19,TRUE,1,fusion,prostate,,T
FCRL4,18,1,2,18,TRUE,1,"oncogene, fusion",B-NHL,,T
IRF6,18,1,4,18,FALSE,,,,,
LMNA,18,1,2,18,TRUE,1,fusion,Spitzoid tumour,,T
MDM4,18,1,4,18,TRUE,1,oncogene,"glioblastoma, bladder, retinoblastoma",,A
NTRK1,18,1,2,18,TRUE,1,"oncogene, TSG, fusion","papillary thyroid, Spitzoid tumour",,"T, A"
PBX1,18,1,2,18,TRUE,1,"oncogene, fusion","pre B-ALL, myoepithelioma",,T
PRCC,18,1,2,18,TRUE,1,fusion,papillary renal,,T
RIT1,18,1,2,18,FALSE,,,,,
ARNT,17,1,2,17,TRUE,1,"oncogene, TSG, fusion",AML,,T
BCL9,17,1,2,17,TRUE,1,"oncogene, fusion",B-ALL,,T
MLLT11,17,1,2,17,TRUE,1,fusion,ALL,,T
MUC1,17,1,2,17,TRUE,1,fusion,B-NHL,,T
PDE4DIP,17,1,2,17,TRUE,1,fusion,MPN,,T
RAC1,17,1,2,17,TRUE,1,oncogene,"melanoma, carcinoma",,"Mis, F"
SETDB1,17,1,2,17,TRUE,2,oncogene,malignant mesothelioma,,"F, Mis"
TPM3,17,1,2,17,TRUE,1,"TSG, fusion","papillary thyroid, ALCL, NSCLC, Spitzoid tumour",,T
EGFR,15,1,1,15,TRUE,1,oncogene,"glioma, NSCLC",NSCLC,"A, O, Mis"
TERT,8,1,2,8,TRUE,1,"oncogene, TSG","melanoma, glioblastoma, hepatocellular carcinoma, bladder, skin basal cell, skin squamous cell, mesothelioma, medulloblastoma, other tumour types",melanoma,Promoter Mis
LIFR,7,1,2,7,TRUE,1,fusion,salivary adenoma,,T
IL7R,6,1,2,6,TRUE,1,oncogene,"ALL, ETP ALL",,"Mis, O"
