sample,category,count
A_LTX021_SU_T1-R1,1,5
A_LTX021_SU_T1-R1,2,11
A_LTX021_SU_T1-R1,3,17
A_LTX021_SU_T1-R1,4,9
A_LTX021_SU_T1-R1,5,3
A_LTX021_SU_T1-R1,6,3
A_LTX021_SU_T1-R1,7,0
A_LTX021_SU_T1-R1,8,1
A_LTX021_SU_T1-R2,1,1
A_LTX021_SU_T1-R2,2,9
A_LTX021_SU_T1-R2,3,14
A_LTX021_SU_T1-R2,4,17
A_LTX021_SU_T1-R2,5,6
A_LTX021_SU_T1-R2,6,1
A_LTX021_SU_T1-R2,7,0
A_LTX021_SU_T1-R2,8,1
A_LTX021_SU_T1-R3,1,0
A_LTX021_SU_T1-R3,2,7
A_LTX021_SU_T1-R3,3,17
A_LTX021_SU_T1-R3,4,6
A_LTX021_SU_T1-R3,5,1
A_LTX021_SU_T1-R3,6,0
A_LTX021_SU_T1-R3,7,0
A_LTX021_SU_T1-R3,8,0
A_LTX021_SU_T1-R4,1,1
A_LTX021_SU_T1-R4,2,12
A_LTX021_SU_T1-R4,3,13
A_LTX021_SU_T1-R4,4,10
A_LTX021_SU_T1-R4,5,2
A_LTX021_SU_T1-R4,6,5
A_LTX021_SU_T1-R4,7,0
A_LTX021_SU_T1-R4,8,2
A_LTX049_SU_T1-R1,1,0
A_LTX049_SU_T1-R1,2,0
A_LTX049_SU_T1-R1,3,16
A_LTX049_SU_T1-R1,4,13
A_LTX049_SU_T1-R1,5,2
A_LTX049_SU_T1-R1,6,0
A_LTX049_SU_T1-R1,7,1
A_LTX049_SU_T1-R1,8,0
A_LTX049_SU_T1-R2,1,0
A_LTX049_SU_T1-R2,2,3
A_LTX049_SU_T1-R2,3,26
A_LTX049_SU_T1-R2,4,10
A_LTX049_SU_T1-R2,5,2
A_LTX049_SU_T1-R2,6,1
A_LTX049_SU_T1-R2,7,1
A_LTX049_SU_T1-R2,8,0
A_LTX055_SU_T1-R1,1,0
A_LTX055_SU_T1-R1,2,8
A_LTX055_SU_T1-R1,3,36
A_LTX055_SU_T1-R1,4,10
A_LTX055_SU_T1-R1,5,3
A_LTX055_SU_T1-R1,6,4
A_LTX055_SU_T1-R1,7,2
A_LTX055_SU_T1-R1,8,2
A_LTX055_SU_T1-R2,1,0
A_LTX055_SU_T1-R2,2,1
A_LTX055_SU_T1-R2,3,33
A_LTX055_SU_T1-R2,4,7
A_LTX055_SU_T1-R2,5,4
A_LTX055_SU_T1-R2,6,5
A_LTX055_SU_T1-R2,7,2
A_LTX055_SU_T1-R2,8,0
A_LTX055_SU_T1-R3,1,0
A_LTX055_SU_T1-R3,2,3
A_LTX055_SU_T1-R3,3,31
A_LTX055_SU_T1-R3,4,7
A_LTX055_SU_T1-R3,5,3
A_LTX055_SU_T1-R3,6,4
A_LTX055_SU_T1-R3,7,4
A_LTX055_SU_T1-R3,8,0
A_LTX066_SU_T1-R1,1,3
A_LTX066_SU_T1-R1,2,7
A_LTX066_SU_T1-R1,3,6
A_LTX066_SU_T1-R1,4,0
A_LTX066_SU_T1-R1,5,0
A_LTX066_SU_T1-R1,6,0
A_LTX066_SU_T1-R1,7,2
A_LTX066_SU_T1-R1,8,2
A_LTX066_SU_T1-R2,1,0
A_LTX066_SU_T1-R2,2,0
A_LTX066_SU_T1-R2,3,4
A_LTX066_SU_T1-R2,4,0
A_LTX066_SU_T1-R2,5,0
A_LTX066_SU_T1-R2,6,0
A_LTX066_SU_T1-R2,7,0
A_LTX066_SU_T1-R2,8,0
A_LTX102_SU_T1-R1,1,2
A_LTX102_SU_T1-R1,2,14
A_LTX102_SU_T1-R1,3,3
A_LTX102_SU_T1-R1,4,2
A_LTX102_SU_T1-R1,5,0
A_LTX102_SU_T1-R1,6,0
A_LTX102_SU_T1-R1,7,0
A_LTX102_SU_T1-R1,8,0
A_LTX102_SU_T1-R2,1,1
A_LTX102_SU_T1-R2,2,14
A_LTX102_SU_T1-R2,3,2
A_LTX102_SU_T1-R2,4,2
A_LTX102_SU_T1-R2,5,0
A_LTX102_SU_T1-R2,6,0
A_LTX102_SU_T1-R2,7,0
A_LTX102_SU_T1-R2,8,0
A_LTX102_SU_T1-R3,1,2
A_LTX102_SU_T1-R3,2,16
A_LTX102_SU_T1-R3,3,3
A_LTX102_SU_T1-R3,4,2
A_LTX102_SU_T1-R3,5,0
A_LTX102_SU_T1-R3,6,0
A_LTX102_SU_T1-R3,7,0
A_LTX102_SU_T1-R3,8,0
A_LTX102_SU_T1-R4,1,1
A_LTX102_SU_T1-R4,2,11
A_LTX102_SU_T1-R4,3,3
A_LTX102_SU_T1-R4,4,0
A_LTX102_SU_T1-R4,5,2
A_LTX102_SU_T1-R4,6,2
A_LTX102_SU_T1-R4,7,0
A_LTX102_SU_T1-R4,8,0
A_LTX109_SU_T1-R1,1,0
A_LTX109_SU_T1-R1,2,0
A_LTX109_SU_T1-R1,3,17
A_LTX109_SU_T1-R1,4,0
A_LTX109_SU_T1-R1,5,0
A_LTX109_SU_T1-R1,6,5
A_LTX109_SU_T1-R1,7,0
A_LTX109_SU_T1-R1,8,1
A_LTX109_SU_T1-R2,1,0
A_LTX109_SU_T1-R2,2,0
A_LTX109_SU_T1-R2,3,22
A_LTX109_SU_T1-R2,4,0
A_LTX109_SU_T1-R2,5,0
A_LTX109_SU_T1-R2,6,4
A_LTX109_SU_T1-R2,7,1
A_LTX109_SU_T1-R2,8,1
A_LTX109_SU_T1-R3,1,0
A_LTX109_SU_T1-R3,2,0
A_LTX109_SU_T1-R3,3,19
A_LTX109_SU_T1-R3,4,0
A_LTX109_SU_T1-R3,5,0
A_LTX109_SU_T1-R3,6,3
A_LTX109_SU_T1-R3,7,1
A_LTX109_SU_T1-R3,8,1
A_LTX109_SU_T1-R4,1,0
A_LTX109_SU_T1-R4,2,1
A_LTX109_SU_T1-R4,3,17
A_LTX109_SU_T1-R4,4,0
A_LTX109_SU_T1-R4,5,0
A_LTX109_SU_T1-R4,6,3
A_LTX109_SU_T1-R4,7,1
A_LTX109_SU_T1-R4,8,1
A_LTX109_SU_T1-R5,1,11
A_LTX109_SU_T1-R5,2,24
A_LTX109_SU_T1-R5,3,26
A_LTX109_SU_T1-R5,4,1
A_LTX109_SU_T1-R5,5,0
A_LTX109_SU_T1-R5,6,4
A_LTX109_SU_T1-R5,7,0
A_LTX109_SU_T1-R5,8,2
A_LTX121_SU_T1-R1,1,0
A_LTX121_SU_T1-R1,2,5
A_LTX121_SU_T1-R1,3,38
A_LTX121_SU_T1-R1,4,18
A_LTX121_SU_T1-R1,5,3
A_LTX121_SU_T1-R1,6,0
A_LTX121_SU_T1-R1,7,0
A_LTX121_SU_T1-R1,8,5
A_LTX121_SU_T1-R2,1,1
A_LTX121_SU_T1-R2,2,4
A_LTX121_SU_T1-R2,3,26
A_LTX121_SU_T1-R2,4,7
A_LTX121_SU_T1-R2,5,4
A_LTX121_SU_T1-R2,6,1
A_LTX121_SU_T1-R2,7,0
A_LTX121_SU_T1-R2,8,0
A_LTX125_SU_LN1,1,2
A_LTX125_SU_LN1,2,9
A_LTX125_SU_LN1,3,4
A_LTX125_SU_LN1,4,0
A_LTX125_SU_LN1,5,0
A_LTX125_SU_LN1,6,0
A_LTX125_SU_LN1,7,0
A_LTX125_SU_LN1,8,0
A_LTX125_SU_LN2,1,1
A_LTX125_SU_LN2,2,7
A_LTX125_SU_LN2,3,7
A_LTX125_SU_LN2,4,0
A_LTX125_SU_LN2,5,0
A_LTX125_SU_LN2,6,0
A_LTX125_SU_LN2,7,0
A_LTX125_SU_LN2,8,0
A_LTX125_SU_T1-R1,1,0
A_LTX125_SU_T1-R1,2,14
A_LTX125_SU_T1-R1,3,0
A_LTX125_SU_T1-R1,4,0
A_LTX125_SU_T1-R1,5,0
A_LTX125_SU_T1-R1,6,0
A_LTX125_SU_T1-R1,7,0
A_LTX125_SU_T1-R1,8,0
A_LTX125_SU_T1-R2,1,1
A_LTX125_SU_T1-R2,2,19
A_LTX125_SU_T1-R2,3,2
A_LTX125_SU_T1-R2,4,1
A_LTX125_SU_T1-R2,5,0
A_LTX125_SU_T1-R2,6,0
A_LTX125_SU_T1-R2,7,0
A_LTX125_SU_T1-R2,8,0
A_LTX143_SU_T1-R1,1,1
A_LTX143_SU_T1-R1,2,10
A_LTX143_SU_T1-R1,3,30
A_LTX143_SU_T1-R1,4,14
A_LTX143_SU_T1-R1,5,3
A_LTX143_SU_T1-R1,6,3
A_LTX143_SU_T1-R1,7,0
A_LTX143_SU_T1-R1,8,0
A_LTX143_SU_T1-R2,1,0
A_LTX143_SU_T1-R2,2,13
A_LTX143_SU_T1-R2,3,21
A_LTX143_SU_T1-R2,4,1
A_LTX143_SU_T1-R2,5,1
A_LTX143_SU_T1-R2,6,0
A_LTX143_SU_T1-R2,7,2
A_LTX143_SU_T1-R2,8,0
A_LTX177_SU_T1-R1,1,0
A_LTX177_SU_T1-R1,2,24
A_LTX177_SU_T1-R1,3,3
A_LTX177_SU_T1-R1,4,0
A_LTX177_SU_T1-R1,5,0
A_LTX177_SU_T1-R1,6,0
A_LTX177_SU_T1-R1,7,0
A_LTX177_SU_T1-R1,8,0
A_LTX177_SU_T1-R2,1,2
A_LTX177_SU_T1-R2,2,3
A_LTX177_SU_T1-R2,3,7
A_LTX177_SU_T1-R2,4,0
A_LTX177_SU_T1-R2,5,0
A_LTX177_SU_T1-R2,6,0
A_LTX177_SU_T1-R2,7,0
A_LTX177_SU_T1-R2,8,0
A_LTX210_SU_LN1,1,0
A_LTX210_SU_LN1,2,5
A_LTX210_SU_LN1,3,38
A_LTX210_SU_LN1,4,11
A_LTX210_SU_LN1,5,3
A_LTX210_SU_LN1,6,1
A_LTX210_SU_LN1,7,0
A_LTX210_SU_LN1,8,0
A_LTX210_SU_LN2,1,0
A_LTX210_SU_LN2,2,2
A_LTX210_SU_LN2,3,34
A_LTX210_SU_LN2,4,10
A_LTX210_SU_LN2,5,3
A_LTX210_SU_LN2,6,0
A_LTX210_SU_LN2,7,0
A_LTX210_SU_LN2,8,1
A_LTX210_SU_T1-R1,1,0
A_LTX210_SU_T1-R1,2,9
A_LTX210_SU_T1-R1,3,35
A_LTX210_SU_T1-R1,4,5
A_LTX210_SU_T1-R1,5,2
A_LTX210_SU_T1-R1,6,2
A_LTX210_SU_T1-R1,7,0
A_LTX210_SU_T1-R1,8,0
A_LTX210_SU_T1-R2,1,0
A_LTX210_SU_T1-R2,2,2
A_LTX210_SU_T1-R2,3,25
A_LTX210_SU_T1-R2,4,9
A_LTX210_SU_T1-R2,5,0
A_LTX210_SU_T1-R2,6,0
A_LTX210_SU_T1-R2,7,3
A_LTX210_SU_T1-R2,8,0
A_LTX210_SU_T1-R3,1,0
A_LTX210_SU_T1-R3,2,3
A_LTX210_SU_T1-R3,3,33
A_LTX210_SU_T1-R3,4,15
A_LTX210_SU_T1-R3,5,2
A_LTX210_SU_T1-R3,6,1
A_LTX210_SU_T1-R3,7,0
A_LTX210_SU_T1-R3,8,0
A_LTX221_SU_T1-R1,1,1
A_LTX221_SU_T1-R1,2,15
A_LTX221_SU_T1-R1,3,9
A_LTX221_SU_T1-R1,4,0
A_LTX221_SU_T1-R1,5,0
A_LTX221_SU_T1-R1,6,0
A_LTX221_SU_T1-R1,7,0
A_LTX221_SU_T1-R1,8,0
A_LTX221_SU_T1-R2,1,0
A_LTX221_SU_T1-R2,2,16
A_LTX221_SU_T1-R2,3,3
A_LTX221_SU_T1-R2,4,0
A_LTX221_SU_T1-R2,5,0
A_LTX221_SU_T1-R2,6,0
A_LTX221_SU_T1-R2,7,0
A_LTX221_SU_T1-R2,8,0
A_LTX221_SU_T1-R3,1,0
A_LTX221_SU_T1-R3,2,1
A_LTX221_SU_T1-R3,3,12
A_LTX221_SU_T1-R3,4,1
A_LTX221_SU_T1-R3,5,1
A_LTX221_SU_T1-R3,6,0
A_LTX221_SU_T1-R3,7,0
A_LTX221_SU_T1-R3,8,0
A_LTX225_SU_T1-R1,1,2
A_LTX225_SU_T1-R1,2,31
A_LTX225_SU_T1-R1,3,7
A_LTX225_SU_T1-R1,4,2
A_LTX225_SU_T1-R1,5,0
A_LTX225_SU_T1-R1,6,0
A_LTX225_SU_T1-R1,7,0
A_LTX225_SU_T1-R1,8,0
A_LTX225_SU_T1-R2,1,0
A_LTX225_SU_T1-R2,2,27
A_LTX225_SU_T1-R2,3,13
A_LTX225_SU_T1-R2,4,0
A_LTX225_SU_T1-R2,5,2
A_LTX225_SU_T1-R2,6,0
A_LTX225_SU_T1-R2,7,0
A_LTX225_SU_T1-R2,8,0
B_LTX027_SU_T1-R1,1,1
B_LTX027_SU_T1-R1,2,4
B_LTX027_SU_T1-R1,3,3
B_LTX027_SU_T1-R1,4,0
B_LTX027_SU_T1-R1,5,2
B_LTX027_SU_T1-R1,6,1
B_LTX027_SU_T1-R1,7,1
B_LTX027_SU_T1-R1,8,0
B_LTX027_SU_T1-R2,1,1
B_LTX027_SU_T1-R2,2,3
B_LTX027_SU_T1-R2,3,5
B_LTX027_SU_T1-R2,4,0
B_LTX027_SU_T1-R2,5,0
B_LTX027_SU_T1-R2,6,3
B_LTX027_SU_T1-R2,7,1
B_LTX027_SU_T1-R2,8,0
B_LTX033_SU_T1-R1,1,1
B_LTX033_SU_T1-R1,2,16
B_LTX033_SU_T1-R1,3,42
B_LTX033_SU_T1-R1,4,14
B_LTX033_SU_T1-R1,5,1
B_LTX033_SU_T1-R1,6,1
B_LTX033_SU_T1-R1,7,1
B_LTX033_SU_T1-R1,8,2
B_LTX033_SU_T1-R2,1,1
B_LTX033_SU_T1-R2,2,18
B_LTX033_SU_T1-R2,3,51
B_LTX033_SU_T1-R2,4,25
B_LTX033_SU_T1-R2,5,10
B_LTX033_SU_T1-R2,6,2
B_LTX033_SU_T1-R2,7,1
B_LTX033_SU_T1-R2,8,1
B_LTX033_SU_T1-R3,1,1
B_LTX033_SU_T1-R3,2,17
B_LTX033_SU_T1-R3,3,42
B_LTX033_SU_T1-R3,4,30
B_LTX033_SU_T1-R3,5,12
B_LTX033_SU_T1-R3,6,1
B_LTX033_SU_T1-R3,7,1
B_LTX033_SU_T1-R3,8,3
B_LTX033_SU_T1-R4,1,1
B_LTX033_SU_T1-R4,2,14
B_LTX033_SU_T1-R4,3,40
B_LTX033_SU_T1-R4,4,16
B_LTX033_SU_T1-R4,5,3
B_LTX033_SU_T1-R4,6,2
B_LTX033_SU_T1-R4,7,1
B_LTX033_SU_T1-R4,8,1
B_LTX034_SU_T1-R1,1,1
B_LTX034_SU_T1-R1,2,2
B_LTX034_SU_T1-R1,3,17
B_LTX034_SU_T1-R1,4,2
B_LTX034_SU_T1-R1,5,1
B_LTX034_SU_T1-R1,6,0
B_LTX034_SU_T1-R1,7,0
B_LTX034_SU_T1-R1,8,0
B_LTX034_SU_T1-R2,1,1
B_LTX034_SU_T1-R2,2,1
B_LTX034_SU_T1-R2,3,19
B_LTX034_SU_T1-R2,4,1
B_LTX034_SU_T1-R2,5,0
B_LTX034_SU_T1-R2,6,0
B_LTX034_SU_T1-R2,7,1
B_LTX034_SU_T1-R2,8,0
B_LTX038_SU_T1-R1,1,5
B_LTX038_SU_T1-R1,2,59
B_LTX038_SU_T1-R1,3,6
B_LTX038_SU_T1-R1,4,6
B_LTX038_SU_T1-R1,5,0
B_LTX038_SU_T1-R1,6,3
B_LTX038_SU_T1-R1,7,0
B_LTX038_SU_T1-R1,8,0
B_LTX038_SU_T1-R2,1,5
B_LTX038_SU_T1-R2,2,63
B_LTX038_SU_T1-R2,3,10
B_LTX038_SU_T1-R2,4,4
B_LTX038_SU_T1-R2,5,0
B_LTX038_SU_T1-R2,6,3
B_LTX038_SU_T1-R2,7,0
B_LTX038_SU_T1-R2,8,0
B_LTX038_SU_T1-R3,1,2
B_LTX038_SU_T1-R3,2,41
B_LTX038_SU_T1-R3,3,7
B_LTX038_SU_T1-R3,4,4
B_LTX038_SU_T1-R3,5,0
B_LTX038_SU_T1-R3,6,0
B_LTX038_SU_T1-R3,7,0
B_LTX038_SU_T1-R3,8,0
B_LTX038_SU_T1-R4,1,6
B_LTX038_SU_T1-R4,2,73
B_LTX038_SU_T1-R4,3,11
B_LTX038_SU_T1-R4,4,3
B_LTX038_SU_T1-R4,5,1
B_LTX038_SU_T1-R4,6,0
B_LTX038_SU_T1-R4,7,0
B_LTX038_SU_T1-R4,8,0
B_LTX038_SU_T1-R5,1,2
B_LTX038_SU_T1-R5,2,51
B_LTX038_SU_T1-R5,3,9
B_LTX038_SU_T1-R5,4,4
B_LTX038_SU_T1-R5,5,0
B_LTX038_SU_T1-R5,6,0
B_LTX038_SU_T1-R5,7,0
B_LTX038_SU_T1-R5,8,0
B_LTX038_SU_T1-R6,1,5
B_LTX038_SU_T1-R6,2,42
B_LTX038_SU_T1-R6,3,14
B_LTX038_SU_T1-R6,4,5
B_LTX038_SU_T1-R6,5,1
B_LTX038_SU_T1-R6,6,0
B_LTX038_SU_T1-R6,7,0
B_LTX038_SU_T1-R6,8,0
B_LTX038_SU_T1-R7,1,8
B_LTX038_SU_T1-R7,2,12
B_LTX038_SU_T1-R7,3,14
B_LTX038_SU_T1-R7,4,3
B_LTX038_SU_T1-R7,5,1
B_LTX038_SU_T1-R7,6,0
B_LTX038_SU_T1-R7,7,4
B_LTX038_SU_T1-R7,8,3
B_LTX043_SU_T1-R1,1,2
B_LTX043_SU_T1-R1,2,12
B_LTX043_SU_T1-R1,3,5
B_LTX043_SU_T1-R1,4,0
B_LTX043_SU_T1-R1,5,2
B_LTX043_SU_T1-R1,6,3
B_LTX043_SU_T1-R1,7,0
B_LTX043_SU_T1-R1,8,0
B_LTX043_SU_T1-R2,1,0
B_LTX043_SU_T1-R2,2,3
B_LTX043_SU_T1-R2,3,2
B_LTX043_SU_T1-R2,4,0
B_LTX043_SU_T1-R2,5,5
B_LTX043_SU_T1-R2,6,0
B_LTX043_SU_T1-R2,7,0
B_LTX043_SU_T1-R2,8,0
B_LTX046_SU_T1-R1,1,2
B_LTX046_SU_T1-R1,2,13
B_LTX046_SU_T1-R1,3,35
B_LTX046_SU_T1-R1,4,22
B_LTX046_SU_T1-R1,5,1
B_LTX046_SU_T1-R1,6,1
B_LTX046_SU_T1-R1,7,1
B_LTX046_SU_T1-R1,8,0
B_LTX046_SU_T1-R2,1,5
B_LTX046_SU_T1-R2,2,7
B_LTX046_SU_T1-R2,3,14
B_LTX046_SU_T1-R2,4,12
B_LTX046_SU_T1-R2,5,5
B_LTX046_SU_T1-R2,6,0
B_LTX046_SU_T1-R2,7,0
B_LTX046_SU_T1-R2,8,0
B_LTX046_SU_T1-R3,1,1
B_LTX046_SU_T1-R3,2,3
B_LTX046_SU_T1-R3,3,13
B_LTX046_SU_T1-R3,4,11
B_LTX046_SU_T1-R3,5,8
B_LTX046_SU_T1-R3,6,2
B_LTX046_SU_T1-R3,7,0
B_LTX046_SU_T1-R3,8,0
B_LTX046_SU_T1-R4,1,1
B_LTX046_SU_T1-R4,2,8
B_LTX046_SU_T1-R4,3,25
B_LTX046_SU_T1-R4,4,3
B_LTX046_SU_T1-R4,5,1
B_LTX046_SU_T1-R4,6,0
B_LTX046_SU_T1-R4,7,0
B_LTX046_SU_T1-R4,8,0
B_LTX048_SU_T1-R1,1,2
B_LTX048_SU_T1-R1,2,2
B_LTX048_SU_T1-R1,3,10
B_LTX048_SU_T1-R1,4,19
B_LTX048_SU_T1-R1,5,11
B_LTX048_SU_T1-R1,6,5
B_LTX048_SU_T1-R1,7,0
B_LTX048_SU_T1-R1,8,4
B_LTX048_SU_T1-R2,1,0
B_LTX048_SU_T1-R2,2,4
B_LTX048_SU_T1-R2,3,11
B_LTX048_SU_T1-R2,4,25
B_LTX048_SU_T1-R2,5,3
B_LTX048_SU_T1-R2,6,3
B_LTX048_SU_T1-R2,7,1
B_LTX048_SU_T1-R2,8,4
B_LTX048_SU_T1-R3,1,4
B_LTX048_SU_T1-R3,2,13
B_LTX048_SU_T1-R3,3,35
B_LTX048_SU_T1-R3,4,10
B_LTX048_SU_T1-R3,5,9
B_LTX048_SU_T1-R3,6,1
B_LTX048_SU_T1-R3,7,3
B_LTX048_SU_T1-R3,8,0
B_LTX048_SU_T1-R4,1,0
B_LTX048_SU_T1-R4,2,2
B_LTX048_SU_T1-R4,3,4
B_LTX048_SU_T1-R4,4,0
B_LTX048_SU_T1-R4,5,0
B_LTX048_SU_T1-R4,6,0
B_LTX048_SU_T1-R4,7,0
B_LTX048_SU_T1-R4,8,0
B_LTX059_SU_T1-R1,1,0
B_LTX059_SU_T1-R1,2,4
B_LTX059_SU_T1-R1,3,7
B_LTX059_SU_T1-R1,4,0
B_LTX059_SU_T1-R1,5,0
B_LTX059_SU_T1-R1,6,0
B_LTX059_SU_T1-R1,7,2
B_LTX059_SU_T1-R1,8,2
B_LTX059_SU_T1-R2,1,0
B_LTX059_SU_T1-R2,2,3
B_LTX059_SU_T1-R2,3,20
B_LTX059_SU_T1-R2,4,9
B_LTX059_SU_T1-R2,5,1
B_LTX059_SU_T1-R2,6,1
B_LTX059_SU_T1-R2,7,0
B_LTX059_SU_T1-R2,8,4
B_LTX059_SU_T1-R3,1,2
B_LTX059_SU_T1-R3,2,9
B_LTX059_SU_T1-R3,3,23
B_LTX059_SU_T1-R3,4,7
B_LTX059_SU_T1-R3,5,1
B_LTX059_SU_T1-R3,6,1
B_LTX059_SU_T1-R3,7,0
B_LTX059_SU_T1-R3,8,6
B_LTX059_SU_T1-R4,1,2
B_LTX059_SU_T1-R4,2,7
B_LTX059_SU_T1-R4,3,16
B_LTX059_SU_T1-R4,4,15
B_LTX059_SU_T1-R4,5,1
B_LTX059_SU_T1-R4,6,2
B_LTX059_SU_T1-R4,7,0
B_LTX059_SU_T1-R4,8,5
B_LTX065_SU_T1-R1,1,4
B_LTX065_SU_T1-R1,2,18
B_LTX065_SU_T1-R1,3,7
B_LTX065_SU_T1-R1,4,1
B_LTX065_SU_T1-R1,5,0
B_LTX065_SU_T1-R1,6,1
B_LTX065_SU_T1-R1,7,0
B_LTX065_SU_T1-R1,8,0
B_LTX065_SU_T1-R2,1,2
B_LTX065_SU_T1-R2,2,24
B_LTX065_SU_T1-R2,3,8
B_LTX065_SU_T1-R2,4,0
B_LTX065_SU_T1-R2,5,1
B_LTX065_SU_T1-R2,6,0
B_LTX065_SU_T1-R2,7,0
B_LTX065_SU_T1-R2,8,0
B_LTX065_SU_T1-R3,1,9
B_LTX065_SU_T1-R3,2,25
B_LTX065_SU_T1-R3,3,7
B_LTX065_SU_T1-R3,4,1
B_LTX065_SU_T1-R3,5,0
B_LTX065_SU_T1-R3,6,1
B_LTX065_SU_T1-R3,7,0
B_LTX065_SU_T1-R3,8,0
B_LTX070_SU_T1-R1,1,0
B_LTX070_SU_T1-R1,2,30
B_LTX070_SU_T1-R1,3,54
B_LTX070_SU_T1-R1,4,6
B_LTX070_SU_T1-R1,5,6
B_LTX070_SU_T1-R1,6,0
B_LTX070_SU_T1-R1,7,2
B_LTX070_SU_T1-R1,8,1
B_LTX070_SU_T1-R2,1,42
B_LTX070_SU_T1-R2,2,41
B_LTX070_SU_T1-R2,3,50
B_LTX070_SU_T1-R2,4,10
B_LTX070_SU_T1-R2,5,3
B_LTX070_SU_T1-R2,6,0
B_LTX070_SU_T1-R2,7,0
B_LTX070_SU_T1-R2,8,1
B_LTX075_SU_T1-R1,1,1
B_LTX075_SU_T1-R1,2,1
B_LTX075_SU_T1-R1,3,20
B_LTX075_SU_T1-R1,4,2
B_LTX075_SU_T1-R1,5,0
B_LTX075_SU_T1-R1,6,0
B_LTX075_SU_T1-R1,7,0
B_LTX075_SU_T1-R1,8,0
B_LTX075_SU_T1-R2,1,0
B_LTX075_SU_T1-R2,2,1
B_LTX075_SU_T1-R2,3,18
B_LTX075_SU_T1-R2,4,0
B_LTX075_SU_T1-R2,5,2
B_LTX075_SU_T1-R2,6,0
B_LTX075_SU_T1-R2,7,0
B_LTX075_SU_T1-R2,8,0
B_LTX083_SU_T1-R1,1,1
B_LTX083_SU_T1-R1,2,15
B_LTX083_SU_T1-R1,3,53
B_LTX083_SU_T1-R1,4,14
B_LTX083_SU_T1-R1,5,7
B_LTX083_SU_T1-R1,6,2
B_LTX083_SU_T1-R1,7,3
B_LTX083_SU_T1-R1,8,1
B_LTX083_SU_T1-R2,1,3
B_LTX083_SU_T1-R2,2,21
B_LTX083_SU_T1-R2,3,19
B_LTX083_SU_T1-R2,4,3
B_LTX083_SU_T1-R2,5,2
B_LTX083_SU_T1-R2,6,3
B_LTX083_SU_T1-R2,7,0
B_LTX083_SU_T1-R2,8,3
B_LTX084_SU_T1-R1,1,2
B_LTX084_SU_T1-R1,2,32
B_LTX084_SU_T1-R1,3,9
B_LTX084_SU_T1-R1,4,2
B_LTX084_SU_T1-R1,5,2
B_LTX084_SU_T1-R1,6,0
B_LTX084_SU_T1-R1,7,0
B_LTX084_SU_T1-R1,8,0
B_LTX084_SU_T1-R2,1,2
B_LTX084_SU_T1-R2,2,42
B_LTX084_SU_T1-R2,3,8
B_LTX084_SU_T1-R2,4,1
B_LTX084_SU_T1-R2,5,0
B_LTX084_SU_T1-R2,6,0
B_LTX084_SU_T1-R2,7,0
B_LTX084_SU_T1-R2,8,0
B_LTX094_SU_T1-R1,1,0
B_LTX094_SU_T1-R1,2,1
B_LTX094_SU_T1-R1,3,0
B_LTX094_SU_T1-R1,4,0
B_LTX094_SU_T1-R1,5,0
B_LTX094_SU_T1-R1,6,0
B_LTX094_SU_T1-R1,7,0
B_LTX094_SU_T1-R1,8,0
B_LTX094_SU_T1-R3,1,3
B_LTX094_SU_T1-R3,2,7
B_LTX094_SU_T1-R3,3,4
B_LTX094_SU_T1-R3,4,0
B_LTX094_SU_T1-R3,5,0
B_LTX094_SU_T1-R3,6,0
B_LTX094_SU_T1-R3,7,0
B_LTX094_SU_T1-R3,8,0
B_LTX099_SU_T1-R1,1,1
B_LTX099_SU_T1-R1,2,11
B_LTX099_SU_T1-R1,3,7
B_LTX099_SU_T1-R1,4,0
B_LTX099_SU_T1-R1,5,0
B_LTX099_SU_T1-R1,6,0
B_LTX099_SU_T1-R1,7,0
B_LTX099_SU_T1-R1,8,5
B_LTX099_SU_T1-R2,1,0
B_LTX099_SU_T1-R2,2,0
B_LTX099_SU_T1-R2,3,3
B_LTX099_SU_T1-R2,4,2
B_LTX099_SU_T1-R2,5,0
B_LTX099_SU_T1-R2,6,0
B_LTX099_SU_T1-R2,7,0
B_LTX099_SU_T1-R2,8,0
B_LTX100_SU_T1-R1,1,1
B_LTX100_SU_T1-R1,2,2
B_LTX100_SU_T1-R1,3,8
B_LTX100_SU_T1-R1,4,2
B_LTX100_SU_T1-R1,5,0
B_LTX100_SU_T1-R1,6,3
B_LTX100_SU_T1-R1,7,0
B_LTX100_SU_T1-R1,8,6
B_LTX100_SU_T1-R2,1,3
B_LTX100_SU_T1-R2,2,8
B_LTX100_SU_T1-R2,3,14
B_LTX100_SU_T1-R2,4,4
B_LTX100_SU_T1-R2,5,1
B_LTX100_SU_T1-R2,6,2
B_LTX100_SU_T1-R2,7,0
B_LTX100_SU_T1-R2,8,8
B_LTX108_SU_T1-R1,1,3
B_LTX108_SU_T1-R1,2,19
B_LTX108_SU_T1-R1,3,11
B_LTX108_SU_T1-R1,4,2
B_LTX108_SU_T1-R1,5,0
B_LTX108_SU_T1-R1,6,0
B_LTX108_SU_T1-R1,7,0
B_LTX108_SU_T1-R1,8,0
B_LTX108_SU_T1-R2,1,4
B_LTX108_SU_T1-R2,2,12
B_LTX108_SU_T1-R2,3,9
B_LTX108_SU_T1-R2,4,0
B_LTX108_SU_T1-R2,5,1
B_LTX108_SU_T1-R2,6,0
B_LTX108_SU_T1-R2,7,0
B_LTX108_SU_T1-R2,8,0
B_LTX135_SU_LN1,1,0
B_LTX135_SU_LN1,2,6
B_LTX135_SU_LN1,3,0
B_LTX135_SU_LN1,4,0
B_LTX135_SU_LN1,5,0
B_LTX135_SU_LN1,6,0
B_LTX135_SU_LN1,7,0
B_LTX135_SU_LN1,8,0
B_LTX135_SU_T1-R1,1,0
B_LTX135_SU_T1-R1,2,5
B_LTX135_SU_T1-R1,3,23
B_LTX135_SU_T1-R1,4,7
B_LTX135_SU_T1-R1,5,0
B_LTX135_SU_T1-R1,6,1
B_LTX135_SU_T1-R1,7,0
B_LTX135_SU_T1-R1,8,0
B_LTX135_SU_T1-R3,1,1
B_LTX135_SU_T1-R3,2,1
B_LTX135_SU_T1-R3,3,12
B_LTX135_SU_T1-R3,4,6
B_LTX135_SU_T1-R3,5,4
B_LTX135_SU_T1-R3,6,2
B_LTX135_SU_T1-R3,7,0
B_LTX135_SU_T1-R3,8,2
B_LTX135_SU_T1-R4,1,4
B_LTX135_SU_T1-R4,2,4
B_LTX135_SU_T1-R4,3,13
B_LTX135_SU_T1-R4,4,5
B_LTX135_SU_T1-R4,5,1
B_LTX135_SU_T1-R4,6,0
B_LTX135_SU_T1-R4,7,0
B_LTX135_SU_T1-R4,8,0
B_LTX136_SU_T1-R1,1,2
B_LTX136_SU_T1-R1,2,1
B_LTX136_SU_T1-R1,3,43
B_LTX136_SU_T1-R1,4,10
B_LTX136_SU_T1-R1,5,4
B_LTX136_SU_T1-R1,6,0
B_LTX136_SU_T1-R1,7,0
B_LTX136_SU_T1-R1,8,0
B_LTX136_SU_T1-R2,1,1
B_LTX136_SU_T1-R2,2,10
B_LTX136_SU_T1-R2,3,43
B_LTX136_SU_T1-R2,4,3
B_LTX136_SU_T1-R2,5,5
B_LTX136_SU_T1-R2,6,0
B_LTX136_SU_T1-R2,7,1
B_LTX136_SU_T1-R2,8,0
B_LTX136_SU_T1-R3,1,1
B_LTX136_SU_T1-R3,2,12
B_LTX136_SU_T1-R3,3,50
B_LTX136_SU_T1-R3,4,4
B_LTX136_SU_T1-R3,5,4
B_LTX136_SU_T1-R3,6,3
B_LTX136_SU_T1-R3,7,2
B_LTX136_SU_T1-R3,8,0
B_LTX160_SU_T1-R1,1,0
B_LTX160_SU_T1-R1,2,8
B_LTX160_SU_T1-R1,3,15
B_LTX160_SU_T1-R1,4,6
B_LTX160_SU_T1-R1,5,0
B_LTX160_SU_T1-R1,6,0
B_LTX160_SU_T1-R1,7,0
B_LTX160_SU_T1-R1,8,0
B_LTX160_SU_T1-R2,1,0
B_LTX160_SU_T1-R2,2,10
B_LTX160_SU_T1-R2,3,33
B_LTX160_SU_T1-R2,4,4
B_LTX160_SU_T1-R2,5,0
B_LTX160_SU_T1-R2,6,0
B_LTX160_SU_T1-R2,7,0
B_LTX160_SU_T1-R2,8,0
B_LTX160_SU_T1-R3,1,0
B_LTX160_SU_T1-R3,2,10
B_LTX160_SU_T1-R3,3,27
B_LTX160_SU_T1-R3,4,2
B_LTX160_SU_T1-R3,5,0
B_LTX160_SU_T1-R3,6,1
B_LTX160_SU_T1-R3,7,0
B_LTX160_SU_T1-R3,8,0
B_LTX160_SU_T1-R4,1,1
B_LTX160_SU_T1-R4,2,4
B_LTX160_SU_T1-R4,3,22
B_LTX160_SU_T1-R4,4,4
B_LTX160_SU_T1-R4,5,1
B_LTX160_SU_T1-R4,6,0
B_LTX160_SU_T1-R4,7,0
B_LTX160_SU_T1-R4,8,0
B_LTX163_SU_T1-R1,1,1
B_LTX163_SU_T1-R1,2,4
B_LTX163_SU_T1-R1,3,4
B_LTX163_SU_T1-R1,4,16
B_LTX163_SU_T1-R1,5,4
B_LTX163_SU_T1-R1,6,6
B_LTX163_SU_T1-R1,7,0
B_LTX163_SU_T1-R1,8,7
B_LTX163_SU_T1-R2,1,0
B_LTX163_SU_T1-R2,2,2
B_LTX163_SU_T1-R2,3,9
B_LTX163_SU_T1-R2,4,2
B_LTX163_SU_T1-R2,5,1
B_LTX163_SU_T1-R2,6,0
B_LTX163_SU_T1-R2,7,0
B_LTX163_SU_T1-R2,8,5
B_LTX163_SU_T1-R3,1,2
B_LTX163_SU_T1-R3,2,2
B_LTX163_SU_T1-R3,3,4
B_LTX163_SU_T1-R3,4,12
B_LTX163_SU_T1-R3,5,11
B_LTX163_SU_T1-R3,6,8
B_LTX163_SU_T1-R3,7,0
B_LTX163_SU_T1-R3,8,7
B_LTX164_SU_T1-R1,1,0
B_LTX164_SU_T1-R1,2,6
B_LTX164_SU_T1-R1,3,6
B_LTX164_SU_T1-R1,4,0
B_LTX164_SU_T1-R1,5,0
B_LTX164_SU_T1-R1,6,0
B_LTX164_SU_T1-R1,7,0
B_LTX164_SU_T1-R1,8,0
B_LTX164_SU_T1-R2,1,0
B_LTX164_SU_T1-R2,2,13
B_LTX164_SU_T1-R2,3,3
B_LTX164_SU_T1-R2,4,0
B_LTX164_SU_T1-R2,5,0
B_LTX164_SU_T1-R2,6,0
B_LTX164_SU_T1-R2,7,0
B_LTX164_SU_T1-R2,8,1
B_LTX165_SU_T1-R1,1,0
B_LTX165_SU_T1-R1,2,4
B_LTX165_SU_T1-R1,3,22
B_LTX165_SU_T1-R1,4,8
B_LTX165_SU_T1-R1,5,7
B_LTX165_SU_T1-R1,6,6
B_LTX165_SU_T1-R1,7,0
B_LTX165_SU_T1-R1,8,0
B_LTX165_SU_T1-R2,1,0
B_LTX165_SU_T1-R2,2,4
B_LTX165_SU_T1-R2,3,23
B_LTX165_SU_T1-R2,4,4
B_LTX165_SU_T1-R2,5,5
B_LTX165_SU_T1-R2,6,6
B_LTX165_SU_T1-R2,7,1
B_LTX165_SU_T1-R2,8,0
B_LTX165_SU_T1-R3,1,3
B_LTX165_SU_T1-R3,2,3
B_LTX165_SU_T1-R3,3,9
B_LTX165_SU_T1-R3,4,14
B_LTX165_SU_T1-R3,5,3
B_LTX165_SU_T1-R3,6,3
B_LTX165_SU_T1-R3,7,3
B_LTX165_SU_T1-R3,8,2
B_LTX165_SU_T1-R4,1,0
B_LTX165_SU_T1-R4,2,2
B_LTX165_SU_T1-R4,3,14
B_LTX165_SU_T1-R4,4,15
B_LTX165_SU_T1-R4,5,4
B_LTX165_SU_T1-R4,6,2
B_LTX165_SU_T1-R4,7,1
B_LTX165_SU_T1-R4,8,1
B_LTX193_SU_T1-R1,1,15
B_LTX193_SU_T1-R1,2,14
B_LTX193_SU_T1-R1,3,24
B_LTX193_SU_T1-R1,4,5
B_LTX193_SU_T1-R1,5,0
B_LTX193_SU_T1-R1,6,0
B_LTX193_SU_T1-R1,7,0
B_LTX193_SU_T1-R1,8,3
B_LTX193_SU_T1-R2,1,4
B_LTX193_SU_T1-R2,2,17
B_LTX193_SU_T1-R2,3,9
B_LTX193_SU_T1-R2,4,3
B_LTX193_SU_T1-R2,5,1
B_LTX193_SU_T1-R2,6,0
B_LTX193_SU_T1-R2,7,2
B_LTX193_SU_T1-R2,8,2
B_LTX208_SU_T1-R1,1,7
B_LTX208_SU_T1-R1,2,20
B_LTX208_SU_T1-R1,3,29
B_LTX208_SU_T1-R1,4,4
B_LTX208_SU_T1-R1,5,0
B_LTX208_SU_T1-R1,6,0
B_LTX208_SU_T1-R1,7,3
B_LTX208_SU_T1-R1,8,1
B_LTX208_SU_T1-R2,1,6
B_LTX208_SU_T1-R2,2,8
B_LTX208_SU_T1-R2,3,19
B_LTX208_SU_T1-R2,4,10
B_LTX208_SU_T1-R2,5,3
B_LTX208_SU_T1-R2,6,0
B_LTX208_SU_T1-R2,7,1
B_LTX208_SU_T1-R2,8,3
B_LTX208_SU_T1-R3,1,0
B_LTX208_SU_T1-R3,2,1
B_LTX208_SU_T1-R3,3,4
B_LTX208_SU_T1-R3,4,0
B_LTX208_SU_T1-R3,5,0
B_LTX208_SU_T1-R3,6,0
B_LTX208_SU_T1-R3,7,0
B_LTX208_SU_T1-R3,8,0
B_LTX223_SU_T1-R1,1,0
B_LTX223_SU_T1-R1,2,3
B_LTX223_SU_T1-R1,3,5
B_LTX223_SU_T1-R1,4,4
B_LTX223_SU_T1-R1,5,2
B_LTX223_SU_T1-R1,6,1
B_LTX223_SU_T1-R1,7,0
B_LTX223_SU_T1-R1,8,0
B_LTX223_SU_T1-R2,1,0
B_LTX223_SU_T1-R2,2,4
B_LTX223_SU_T1-R2,3,1
B_LTX223_SU_T1-R2,4,3
B_LTX223_SU_T1-R2,5,3
B_LTX223_SU_T1-R2,6,0
B_LTX223_SU_T1-R2,7,0
B_LTX223_SU_T1-R2,8,0
B_LTX223_SU_T1-R3,1,0
B_LTX223_SU_T1-R3,2,5
B_LTX223_SU_T1-R3,3,3
B_LTX223_SU_T1-R3,4,2
B_LTX223_SU_T1-R3,5,1
B_LTX223_SU_T1-R3,6,2
B_LTX223_SU_T1-R3,7,0
B_LTX223_SU_T1-R3,8,0
B_LTX223_SU_T1-R4,1,0
B_LTX223_SU_T1-R4,2,5
B_LTX223_SU_T1-R4,3,2
B_LTX223_SU_T1-R4,4,5
B_LTX223_SU_T1-R4,5,2
B_LTX223_SU_T1-R4,6,0
B_LTX223_SU_T1-R4,7,0
B_LTX223_SU_T1-R4,8,0
B_LTX223_SU_T1-R5,1,0
B_LTX223_SU_T1-R5,2,3
B_LTX223_SU_T1-R5,3,1
B_LTX223_SU_T1-R5,4,5
B_LTX223_SU_T1-R5,5,1
B_LTX223_SU_T1-R5,6,0
B_LTX223_SU_T1-R5,7,0
B_LTX223_SU_T1-R5,8,0
B_LTX227_SU_T1-R1,1,3
B_LTX227_SU_T1-R1,2,17
B_LTX227_SU_T1-R1,3,4
B_LTX227_SU_T1-R1,4,3
B_LTX227_SU_T1-R1,5,1
B_LTX227_SU_T1-R1,6,2
B_LTX227_SU_T1-R1,7,0
B_LTX227_SU_T1-R1,8,0
B_LTX227_SU_T1-R2,1,2
B_LTX227_SU_T1-R2,2,17
B_LTX227_SU_T1-R2,3,2
B_LTX227_SU_T1-R2,4,4
B_LTX227_SU_T1-R2,5,2
B_LTX227_SU_T1-R2,6,2
B_LTX227_SU_T1-R2,7,0
B_LTX227_SU_T1-R2,8,0
B_LTX227_SU_T1-R3,1,2
B_LTX227_SU_T1-R3,2,12
B_LTX227_SU_T1-R3,3,4
B_LTX227_SU_T1-R3,4,5
B_LTX227_SU_T1-R3,5,1
B_LTX227_SU_T1-R3,6,2
B_LTX227_SU_T1-R3,7,0
B_LTX227_SU_T1-R3,8,0
B_LTX227_SU_T1-R4,1,2
B_LTX227_SU_T1-R4,2,11
B_LTX227_SU_T1-R4,3,4
B_LTX227_SU_T1-R4,4,4
B_LTX227_SU_T1-R4,5,2
B_LTX227_SU_T1-R4,6,1
B_LTX227_SU_T1-R4,7,0
B_LTX227_SU_T1-R4,8,0
C_LTX252_SU_T1-R1,1,1
C_LTX252_SU_T1-R1,2,6
C_LTX252_SU_T1-R1,3,11
C_LTX252_SU_T1-R1,4,1
C_LTX252_SU_T1-R1,5,0
C_LTX252_SU_T1-R1,6,0
C_LTX252_SU_T1-R1,7,0
C_LTX252_SU_T1-R1,8,6
C_LTX252_SU_T1-R2,1,0
C_LTX252_SU_T1-R2,2,0
C_LTX252_SU_T1-R2,3,6
C_LTX252_SU_T1-R2,4,0
C_LTX252_SU_T1-R2,5,0
C_LTX252_SU_T1-R2,6,0
C_LTX252_SU_T1-R2,7,0
C_LTX252_SU_T1-R2,8,0
L_LTX037_SU_T1-R1,1,0
L_LTX037_SU_T1-R1,2,3
L_LTX037_SU_T1-R1,3,10
L_LTX037_SU_T1-R1,4,0
L_LTX037_SU_T1-R1,5,0
L_LTX037_SU_T1-R1,6,0
L_LTX037_SU_T1-R1,7,0
L_LTX037_SU_T1-R1,8,0
L_LTX037_SU_T1-R2,1,0
L_LTX037_SU_T1-R2,2,3
L_LTX037_SU_T1-R2,3,0
L_LTX037_SU_T1-R2,4,4
L_LTX037_SU_T1-R2,5,2
L_LTX037_SU_T1-R2,6,0
L_LTX037_SU_T1-R2,7,0
L_LTX037_SU_T1-R2,8,0
L_LTX041_SU_T1-R1,1,1
L_LTX041_SU_T1-R1,2,7
L_LTX041_SU_T1-R1,3,8
L_LTX041_SU_T1-R1,4,1
L_LTX041_SU_T1-R1,5,0
L_LTX041_SU_T1-R1,6,0
L_LTX041_SU_T1-R1,7,6
L_LTX041_SU_T1-R1,8,0
L_LTX041_SU_T1-R2,1,0
L_LTX041_SU_T1-R2,2,2
L_LTX041_SU_T1-R2,3,2
L_LTX041_SU_T1-R2,4,10
L_LTX041_SU_T1-R2,5,12
L_LTX041_SU_T1-R2,6,1
L_LTX041_SU_T1-R2,7,1
L_LTX041_SU_T1-R2,8,8
L_LTX041_SU_T1-R3,1,0
L_LTX041_SU_T1-R3,2,0
L_LTX041_SU_T1-R3,3,6
L_LTX041_SU_T1-R3,4,14
L_LTX041_SU_T1-R3,5,13
L_LTX041_SU_T1-R3,6,9
L_LTX041_SU_T1-R3,7,0
L_LTX041_SU_T1-R3,8,6
L_LTX041_SU_T1-R4,1,0
L_LTX041_SU_T1-R4,2,1
L_LTX041_SU_T1-R4,3,1
L_LTX041_SU_T1-R4,4,10
L_LTX041_SU_T1-R4,5,10
L_LTX041_SU_T1-R4,6,4
L_LTX041_SU_T1-R4,7,1
L_LTX041_SU_T1-R4,8,6
L_LTX050_SU_T1-R1,1,1
L_LTX050_SU_T1-R1,2,3
L_LTX050_SU_T1-R1,3,6
L_LTX050_SU_T1-R1,4,4
L_LTX050_SU_T1-R1,5,1
L_LTX050_SU_T1-R1,6,0
L_LTX050_SU_T1-R1,7,0
L_LTX050_SU_T1-R1,8,0
L_LTX050_SU_T1-R2,1,2
L_LTX050_SU_T1-R2,2,1
L_LTX050_SU_T1-R2,3,5
L_LTX050_SU_T1-R2,4,6
L_LTX050_SU_T1-R2,5,2
L_LTX050_SU_T1-R2,6,0
L_LTX050_SU_T1-R2,7,0
L_LTX050_SU_T1-R2,8,0
L_LTX050_SU_T1-R3,1,1
L_LTX050_SU_T1-R3,2,1
L_LTX050_SU_T1-R3,3,6
L_LTX050_SU_T1-R3,4,7
L_LTX050_SU_T1-R3,5,1
L_LTX050_SU_T1-R3,6,0
L_LTX050_SU_T1-R3,7,1
L_LTX050_SU_T1-R3,8,0
L_LTX050_SU_T1-R4,1,1
L_LTX050_SU_T1-R4,2,1
L_LTX050_SU_T1-R4,3,6
L_LTX050_SU_T1-R4,4,5
L_LTX050_SU_T1-R4,5,1
L_LTX050_SU_T1-R4,6,0
L_LTX050_SU_T1-R4,7,0
L_LTX050_SU_T1-R4,8,0
L_LTX050_SU_T1-R6,1,1
L_LTX050_SU_T1-R6,2,2
L_LTX050_SU_T1-R6,3,7
L_LTX050_SU_T1-R6,4,4
L_LTX050_SU_T1-R6,5,1
L_LTX050_SU_T1-R6,6,0
L_LTX050_SU_T1-R6,7,0
L_LTX050_SU_T1-R6,8,0
L_LTX062_SU_T1-R1,1,0
L_LTX062_SU_T1-R1,2,2
L_LTX062_SU_T1-R1,3,17
L_LTX062_SU_T1-R1,4,2
L_LTX062_SU_T1-R1,5,0
L_LTX062_SU_T1-R1,6,2
L_LTX062_SU_T1-R1,7,0
L_LTX062_SU_T1-R1,8,2
L_LTX062_SU_T1-R2,1,0
L_LTX062_SU_T1-R2,2,2
L_LTX062_SU_T1-R2,3,18
L_LTX062_SU_T1-R2,4,4
L_LTX062_SU_T1-R2,5,0
L_LTX062_SU_T1-R2,6,2
L_LTX062_SU_T1-R2,7,0
L_LTX062_SU_T1-R2,8,2
L_LTX062_SU_T1-R3,1,0
L_LTX062_SU_T1-R3,2,3
L_LTX062_SU_T1-R3,3,12
L_LTX062_SU_T1-R3,4,3
L_LTX062_SU_T1-R3,5,5
L_LTX062_SU_T1-R3,6,0
L_LTX062_SU_T1-R3,7,0
L_LTX062_SU_T1-R3,8,2
L_LTX062_SU_T1-R4,1,0
L_LTX062_SU_T1-R4,2,6
L_LTX062_SU_T1-R4,3,18
L_LTX062_SU_T1-R4,4,4
L_LTX062_SU_T1-R4,5,0
L_LTX062_SU_T1-R4,6,2
L_LTX062_SU_T1-R4,7,1
L_LTX062_SU_T1-R4,8,1
L_LTX064_SU_T1-R1,1,0
L_LTX064_SU_T1-R1,2,5
L_LTX064_SU_T1-R1,3,41
L_LTX064_SU_T1-R1,4,26
L_LTX064_SU_T1-R1,5,4
L_LTX064_SU_T1-R1,6,6
L_LTX064_SU_T1-R1,7,1
L_LTX064_SU_T1-R1,8,12
L_LTX064_SU_T1-R2,1,0
L_LTX064_SU_T1-R2,2,4
L_LTX064_SU_T1-R2,3,26
L_LTX064_SU_T1-R2,4,32
L_LTX064_SU_T1-R2,5,5
L_LTX064_SU_T1-R2,6,3
L_LTX064_SU_T1-R2,7,3
L_LTX064_SU_T1-R2,8,14
L_LTX064_SU_T1-R3,1,4
L_LTX064_SU_T1-R3,2,7
L_LTX064_SU_T1-R3,3,76
L_LTX064_SU_T1-R3,4,5
L_LTX064_SU_T1-R3,5,7
L_LTX064_SU_T1-R3,6,0
L_LTX064_SU_T1-R3,7,0
L_LTX064_SU_T1-R3,8,7
L_LTX064_SU_T1-R4,1,3
L_LTX064_SU_T1-R4,2,92
L_LTX064_SU_T1-R4,3,10
L_LTX064_SU_T1-R4,4,0
L_LTX064_SU_T1-R4,5,1
L_LTX064_SU_T1-R4,6,1
L_LTX064_SU_T1-R4,7,1
L_LTX064_SU_T1-R4,8,5
L_LTX064_SU_T1-R5,1,0
L_LTX064_SU_T1-R5,2,6
L_LTX064_SU_T1-R5,3,46
L_LTX064_SU_T1-R5,4,13
L_LTX064_SU_T1-R5,5,3
L_LTX064_SU_T1-R5,6,1
L_LTX064_SU_T1-R5,7,1
L_LTX064_SU_T1-R5,8,9
L_LTX064_SU_T1-R6,1,1
L_LTX064_SU_T1-R6,2,4
L_LTX064_SU_T1-R6,3,4
L_LTX064_SU_T1-R6,4,13
L_LTX064_SU_T1-R6,5,14
L_LTX064_SU_T1-R6,6,1
L_LTX064_SU_T1-R6,7,3
L_LTX064_SU_T1-R6,8,14
L_LTX064_SU_T1-R7,1,0
L_LTX064_SU_T1-R7,2,9
L_LTX064_SU_T1-R7,3,37
L_LTX064_SU_T1-R7,4,21
L_LTX064_SU_T1-R7,5,10
L_LTX064_SU_T1-R7,6,4
L_LTX064_SU_T1-R7,7,2
L_LTX064_SU_T1-R7,8,11
L_LTX068_SU_T1-R1,1,0
L_LTX068_SU_T1-R1,2,1
L_LTX068_SU_T1-R1,3,32
L_LTX068_SU_T1-R1,4,11
L_LTX068_SU_T1-R1,5,4
L_LTX068_SU_T1-R1,6,1
L_LTX068_SU_T1-R1,7,0
L_LTX068_SU_T1-R1,8,0
L_LTX068_SU_T1-R2,1,0
L_LTX068_SU_T1-R2,2,0
L_LTX068_SU_T1-R2,3,30
L_LTX068_SU_T1-R2,4,8
L_LTX068_SU_T1-R2,5,5
L_LTX068_SU_T1-R2,6,2
L_LTX068_SU_T1-R2,7,1
L_LTX068_SU_T1-R2,8,0
L_LTX068_SU_T1-R3,1,1
L_LTX068_SU_T1-R3,2,1
L_LTX068_SU_T1-R3,3,18
L_LTX068_SU_T1-R3,4,4
L_LTX068_SU_T1-R3,5,5
L_LTX068_SU_T1-R3,6,1
L_LTX068_SU_T1-R3,7,0
L_LTX068_SU_T1-R3,8,0
L_LTX068_SU_T1-R4,1,0
L_LTX068_SU_T1-R4,2,0
L_LTX068_SU_T1-R4,3,34
L_LTX068_SU_T1-R4,4,6
L_LTX068_SU_T1-R4,5,3
L_LTX068_SU_T1-R4,6,2
L_LTX068_SU_T1-R4,7,0
L_LTX068_SU_T1-R4,8,0
L_LTX068_SU_T1-R5,1,0
L_LTX068_SU_T1-R5,2,3
L_LTX068_SU_T1-R5,3,7
L_LTX068_SU_T1-R5,4,5
L_LTX068_SU_T1-R5,5,3
L_LTX068_SU_T1-R5,6,0
L_LTX068_SU_T1-R5,7,0
L_LTX068_SU_T1-R5,8,0
L_LTX068_SU_T1-R6,1,0
L_LTX068_SU_T1-R6,2,7
L_LTX068_SU_T1-R6,3,0
L_LTX068_SU_T1-R6,4,0
L_LTX068_SU_T1-R6,5,0
L_LTX068_SU_T1-R6,6,0
L_LTX068_SU_T1-R6,7,0
L_LTX068_SU_T1-R6,8,0
L_LTX072_SU_T1-R1,1,0
L_LTX072_SU_T1-R1,2,9
L_LTX072_SU_T1-R1,3,5
L_LTX072_SU_T1-R1,4,0
L_LTX072_SU_T1-R1,5,1
L_LTX072_SU_T1-R1,6,4
L_LTX072_SU_T1-R1,7,0
L_LTX072_SU_T1-R1,8,0
L_LTX072_SU_T1-R2,1,0
L_LTX072_SU_T1-R2,2,1
L_LTX072_SU_T1-R2,3,3
L_LTX072_SU_T1-R2,4,2
L_LTX072_SU_T1-R2,5,0
L_LTX072_SU_T1-R2,6,0
L_LTX072_SU_T1-R2,7,0
L_LTX072_SU_T1-R2,8,0
L_LTX079_SU_T1-R1,1,4
L_LTX079_SU_T1-R1,2,7
L_LTX079_SU_T1-R1,3,13
L_LTX079_SU_T1-R1,4,1
L_LTX079_SU_T1-R1,5,0
L_LTX079_SU_T1-R1,6,0
L_LTX079_SU_T1-R1,7,0
L_LTX079_SU_T1-R1,8,0
L_LTX079_SU_T1-R3,1,0
L_LTX079_SU_T1-R3,2,6
L_LTX079_SU_T1-R3,3,1
L_LTX079_SU_T1-R3,4,0
L_LTX079_SU_T1-R3,5,0
L_LTX079_SU_T1-R3,6,0
L_LTX079_SU_T1-R3,7,0
L_LTX079_SU_T1-R3,8,0
L_LTX090_SU_T1-R1,1,0
L_LTX090_SU_T1-R1,2,1
L_LTX090_SU_T1-R1,3,11
L_LTX090_SU_T1-R1,4,1
L_LTX090_SU_T1-R1,5,0
L_LTX090_SU_T1-R1,6,1
L_LTX090_SU_T1-R1,7,0
L_LTX090_SU_T1-R1,8,0
L_LTX090_SU_T1-R2,1,0
L_LTX090_SU_T1-R2,2,1
L_LTX090_SU_T1-R2,3,8
L_LTX090_SU_T1-R2,4,1
L_LTX090_SU_T1-R2,5,2
L_LTX090_SU_T1-R2,6,0
L_LTX090_SU_T1-R2,7,0
L_LTX090_SU_T1-R2,8,0
L_LTX104_SU_T1-R1,1,0
L_LTX104_SU_T1-R1,2,4
L_LTX104_SU_T1-R1,3,5
L_LTX104_SU_T1-R1,4,1
L_LTX104_SU_T1-R1,5,0
L_LTX104_SU_T1-R1,6,0
L_LTX104_SU_T1-R1,7,0
L_LTX104_SU_T1-R1,8,0
L_LTX104_SU_T1-R2,1,0
L_LTX104_SU_T1-R2,2,4
L_LTX104_SU_T1-R2,3,6
L_LTX104_SU_T1-R2,4,0
L_LTX104_SU_T1-R2,5,0
L_LTX104_SU_T1-R2,6,0
L_LTX104_SU_T1-R2,7,0
L_LTX104_SU_T1-R2,8,0
L_LTX104_SU_T1-R3,1,0
L_LTX104_SU_T1-R3,2,3
L_LTX104_SU_T1-R3,3,6
L_LTX104_SU_T1-R3,4,0
L_LTX104_SU_T1-R3,5,0
L_LTX104_SU_T1-R3,6,0
L_LTX104_SU_T1-R3,7,0
L_LTX104_SU_T1-R3,8,0
L_LTX110_SU_LN1,1,0
L_LTX110_SU_LN1,2,2
L_LTX110_SU_LN1,3,5
L_LTX110_SU_LN1,4,0
L_LTX110_SU_LN1,5,0
L_LTX110_SU_LN1,6,0
L_LTX110_SU_LN1,7,0
L_LTX110_SU_LN1,8,0
L_LTX110_SU_LN2,1,0
L_LTX110_SU_LN2,2,2
L_LTX110_SU_LN2,3,4
L_LTX110_SU_LN2,4,1
L_LTX110_SU_LN2,5,0
L_LTX110_SU_LN2,6,0
L_LTX110_SU_LN2,7,0
L_LTX110_SU_LN2,8,0
L_LTX110_SU_T1-R1,1,0
L_LTX110_SU_T1-R1,2,3
L_LTX110_SU_T1-R1,3,3
L_LTX110_SU_T1-R1,4,1
L_LTX110_SU_T1-R1,5,0
L_LTX110_SU_T1-R1,6,0
L_LTX110_SU_T1-R1,7,0
L_LTX110_SU_T1-R1,8,0
L_LTX110_SU_T1-R2,1,3
L_LTX110_SU_T1-R2,2,26
L_LTX110_SU_T1-R2,3,4
L_LTX110_SU_T1-R2,4,3
L_LTX110_SU_T1-R2,5,1
L_LTX110_SU_T1-R2,6,1
L_LTX110_SU_T1-R2,7,1
L_LTX110_SU_T1-R2,8,2
L_LTX113_SU_LN1,1,1
L_LTX113_SU_LN1,2,0
L_LTX113_SU_LN1,3,3
L_LTX113_SU_LN1,4,0
L_LTX113_SU_LN1,5,0
L_LTX113_SU_LN1,6,0
L_LTX113_SU_LN1,7,0
L_LTX113_SU_LN1,8,0
L_LTX113_SU_T1-R1,1,0
L_LTX113_SU_T1-R1,2,2
L_LTX113_SU_T1-R1,3,9
L_LTX113_SU_T1-R1,4,9
L_LTX113_SU_T1-R1,5,0
L_LTX113_SU_T1-R1,6,0
L_LTX113_SU_T1-R1,7,1
L_LTX113_SU_T1-R1,8,0
L_LTX113_SU_T1-R2,1,0
L_LTX113_SU_T1-R2,2,0
L_LTX113_SU_T1-R2,3,1
L_LTX113_SU_T1-R2,4,5
L_LTX113_SU_T1-R2,5,4
L_LTX113_SU_T1-R2,6,4
L_LTX113_SU_T1-R2,7,0
L_LTX113_SU_T1-R2,8,1
L_LTX113_SU_T1-R3,1,0
L_LTX113_SU_T1-R3,2,0
L_LTX113_SU_T1-R3,3,2
L_LTX113_SU_T1-R3,4,7
L_LTX113_SU_T1-R3,5,2
L_LTX113_SU_T1-R3,6,3
L_LTX113_SU_T1-R3,7,0
L_LTX113_SU_T1-R3,8,1
L_LTX113_SU_T1-R4,1,0
L_LTX113_SU_T1-R4,2,0
L_LTX113_SU_T1-R4,3,1
L_LTX113_SU_T1-R4,4,7
L_LTX113_SU_T1-R4,5,6
L_LTX113_SU_T1-R4,6,5
L_LTX113_SU_T1-R4,7,0
L_LTX113_SU_T1-R4,8,2
L_LTX113_SU_T1-R5,1,0
L_LTX113_SU_T1-R5,2,1
L_LTX113_SU_T1-R5,3,0
L_LTX113_SU_T1-R5,4,3
L_LTX113_SU_T1-R5,5,6
L_LTX113_SU_T1-R5,6,5
L_LTX113_SU_T1-R5,7,1
L_LTX113_SU_T1-R5,8,1
L_LTX113_SU_T1-R6,1,0
L_LTX113_SU_T1-R6,2,0
L_LTX113_SU_T1-R6,3,2
L_LTX113_SU_T1-R6,4,2
L_LTX113_SU_T1-R6,5,7
L_LTX113_SU_T1-R6,6,5
L_LTX113_SU_T1-R6,7,0
L_LTX113_SU_T1-R6,8,2
L_LTX113_SU_T1-R7,1,0
L_LTX113_SU_T1-R7,2,0
L_LTX113_SU_T1-R7,3,1
L_LTX113_SU_T1-R7,4,2
L_LTX113_SU_T1-R7,5,6
L_LTX113_SU_T1-R7,6,3
L_LTX113_SU_T1-R7,7,0
L_LTX113_SU_T1-R7,8,1
L_LTX113_SU_T1-R8,1,2
L_LTX113_SU_T1-R8,2,1
L_LTX113_SU_T1-R8,3,5
L_LTX113_SU_T1-R8,4,0
L_LTX113_SU_T1-R8,5,0
L_LTX113_SU_T1-R8,6,0
L_LTX113_SU_T1-R8,7,0
L_LTX113_SU_T1-R8,8,0
L_LTX115_SU_T1-R1,1,1
L_LTX115_SU_T1-R1,2,6
L_LTX115_SU_T1-R1,3,3
L_LTX115_SU_T1-R1,4,0
L_LTX115_SU_T1-R1,5,1
L_LTX115_SU_T1-R1,6,3
L_LTX115_SU_T1-R1,7,1
L_LTX115_SU_T1-R1,8,0
L_LTX115_SU_T1-R2,1,1
L_LTX115_SU_T1-R2,2,6
L_LTX115_SU_T1-R2,3,0
L_LTX115_SU_T1-R2,4,1
L_LTX115_SU_T1-R2,5,4
L_LTX115_SU_T1-R2,6,0
L_LTX115_SU_T1-R2,7,0
L_LTX115_SU_T1-R2,8,0
L_LTX115_SU_T2-R1,1,2
L_LTX115_SU_T2-R1,2,23
L_LTX115_SU_T2-R1,3,12
L_LTX115_SU_T2-R1,4,2
L_LTX115_SU_T2-R1,5,1
L_LTX115_SU_T2-R1,6,0
L_LTX115_SU_T2-R1,7,3
L_LTX115_SU_T2-R1,8,2
L_LTX115_SU_T2-R2,1,0
L_LTX115_SU_T2-R2,2,34
L_LTX115_SU_T2-R2,3,7
L_LTX115_SU_T2-R2,4,3
L_LTX115_SU_T2-R2,5,3
L_LTX115_SU_T2-R2,6,0
L_LTX115_SU_T2-R2,7,0
L_LTX115_SU_T2-R2,8,0
L_LTX115_SU_T2-R3,1,0
L_LTX115_SU_T2-R3,2,38
L_LTX115_SU_T2-R3,3,7
L_LTX115_SU_T2-R3,4,4
L_LTX115_SU_T2-R3,5,3
L_LTX115_SU_T2-R3,6,0
L_LTX115_SU_T2-R3,7,0
L_LTX115_SU_T2-R3,8,0
L_LTX119_SU_T1-R1,1,3
L_LTX119_SU_T1-R1,2,6
L_LTX119_SU_T1-R1,3,1
L_LTX119_SU_T1-R1,4,0
L_LTX119_SU_T1-R1,5,1
L_LTX119_SU_T1-R1,6,1
L_LTX119_SU_T1-R1,7,0
L_LTX119_SU_T1-R1,8,4
L_LTX119_SU_T1-R2,1,1
L_LTX119_SU_T1-R2,2,1
L_LTX119_SU_T1-R2,3,2
L_LTX119_SU_T1-R2,4,1
L_LTX119_SU_T1-R2,5,0
L_LTX119_SU_T1-R2,6,0
L_LTX119_SU_T1-R2,7,0
L_LTX119_SU_T1-R2,8,5
L_LTX172_SU_T1-R1,1,0
L_LTX172_SU_T1-R1,2,4
L_LTX172_SU_T1-R1,3,19
L_LTX172_SU_T1-R1,4,6
L_LTX172_SU_T1-R1,5,4
L_LTX172_SU_T1-R1,6,0
L_LTX172_SU_T1-R1,7,0
L_LTX172_SU_T1-R1,8,0
L_LTX172_SU_T1-R2,1,0
L_LTX172_SU_T1-R2,2,4
L_LTX172_SU_T1-R2,3,18
L_LTX172_SU_T1-R2,4,4
L_LTX172_SU_T1-R2,5,2
L_LTX172_SU_T1-R2,6,2
L_LTX172_SU_T1-R2,7,0
L_LTX172_SU_T1-R2,8,0
L_LTX172_SU_T1-R3,1,0
L_LTX172_SU_T1-R3,2,1
L_LTX172_SU_T1-R3,3,15
L_LTX172_SU_T1-R3,4,2
L_LTX172_SU_T1-R3,5,1
L_LTX172_SU_T1-R3,6,1
L_LTX172_SU_T1-R3,7,3
L_LTX172_SU_T1-R3,8,0
L_LTX183_SU_LN1,1,1
L_LTX183_SU_LN1,2,9
L_LTX183_SU_LN1,3,4
L_LTX183_SU_LN1,4,0
L_LTX183_SU_LN1,5,0
L_LTX183_SU_LN1,6,2
L_LTX183_SU_LN1,7,2
L_LTX183_SU_LN1,8,0
L_LTX183_SU_T1-R1,1,0
L_LTX183_SU_T1-R1,2,5
L_LTX183_SU_T1-R1,3,39
L_LTX183_SU_T1-R1,4,1
L_LTX183_SU_T1-R1,5,6
L_LTX183_SU_T1-R1,6,3
L_LTX183_SU_T1-R1,7,2
L_LTX183_SU_T1-R1,8,3
L_LTX183_SU_T1-R2,1,0
L_LTX183_SU_T1-R2,2,3
L_LTX183_SU_T1-R2,3,39
L_LTX183_SU_T1-R2,4,12
L_LTX183_SU_T1-R2,5,9
L_LTX183_SU_T1-R2,6,2
L_LTX183_SU_T1-R2,7,0
L_LTX183_SU_T1-R2,8,3
L_LTX183_SU_T1-R3,1,0
L_LTX183_SU_T1-R3,2,4
L_LTX183_SU_T1-R3,3,36
L_LTX183_SU_T1-R3,4,7
L_LTX183_SU_T1-R3,5,2
L_LTX183_SU_T1-R3,6,1
L_LTX183_SU_T1-R3,7,4
L_LTX183_SU_T1-R3,8,3
M_LTX013_SU_T1-R1,1,3
M_LTX013_SU_T1-R1,2,6
M_LTX013_SU_T1-R1,3,15
M_LTX013_SU_T1-R1,4,4
M_LTX013_SU_T1-R1,5,2
M_LTX013_SU_T1-R1,6,0
M_LTX013_SU_T1-R1,7,1
M_LTX013_SU_T1-R1,8,3
M_LTX013_SU_T1-R2,1,3
M_LTX013_SU_T1-R2,2,0
M_LTX013_SU_T1-R2,3,1
M_LTX013_SU_T1-R2,4,0
M_LTX013_SU_T1-R2,5,0
M_LTX013_SU_T1-R2,6,0
M_LTX013_SU_T1-R2,7,0
M_LTX013_SU_T1-R2,8,4
M_LTX013_SU_T1-R3,1,4
M_LTX013_SU_T1-R3,2,2
M_LTX013_SU_T1-R3,3,4
M_LTX013_SU_T1-R3,4,6
M_LTX013_SU_T1-R3,5,1
M_LTX013_SU_T1-R3,6,0
M_LTX013_SU_T1-R3,7,0
M_LTX013_SU_T1-R3,8,4
M_LTX013_SU_T1-R4,1,2
M_LTX013_SU_T1-R4,2,4
M_LTX013_SU_T1-R4,3,4
M_LTX013_SU_T1-R4,4,0
M_LTX013_SU_T1-R4,5,1
M_LTX013_SU_T1-R4,6,3
M_LTX013_SU_T1-R4,7,0
M_LTX013_SU_T1-R4,8,0
M_LTX015_SU_T1-R1,1,0
M_LTX015_SU_T1-R1,2,2
M_LTX015_SU_T1-R1,3,33
M_LTX015_SU_T1-R1,4,9
M_LTX015_SU_T1-R1,5,1
M_LTX015_SU_T1-R1,6,2
M_LTX015_SU_T1-R1,7,0
M_LTX015_SU_T1-R1,8,1
M_LTX015_SU_T1-R2,1,0
M_LTX015_SU_T1-R2,2,9
M_LTX015_SU_T1-R2,3,41
M_LTX015_SU_T1-R2,4,9
M_LTX015_SU_T1-R2,5,1
M_LTX015_SU_T1-R2,6,3
M_LTX015_SU_T1-R2,7,1
M_LTX015_SU_T1-R2,8,0
M_LTX015_SU_T1-R3,1,0
M_LTX015_SU_T1-R3,2,1
M_LTX015_SU_T1-R3,3,27
M_LTX015_SU_T1-R3,4,9
M_LTX015_SU_T1-R3,5,6
M_LTX015_SU_T1-R3,6,2
M_LTX015_SU_T1-R3,7,0
M_LTX015_SU_T1-R3,8,1
M_LTX015_SU_T1-R4,1,0
M_LTX015_SU_T1-R4,2,10
M_LTX015_SU_T1-R4,3,32
M_LTX015_SU_T1-R4,4,11
M_LTX015_SU_T1-R4,5,0
M_LTX015_SU_T1-R4,6,3
M_LTX015_SU_T1-R4,7,0
M_LTX015_SU_T1-R4,8,1
M_LTX016_SU_T1-R1,1,3
M_LTX016_SU_T1-R1,2,3
M_LTX016_SU_T1-R1,3,5
M_LTX016_SU_T1-R1,4,0
M_LTX016_SU_T1-R1,5,0
M_LTX016_SU_T1-R1,6,0
M_LTX016_SU_T1-R1,7,0
M_LTX016_SU_T1-R1,8,4
M_LTX016_SU_T1-R2,1,4
M_LTX016_SU_T1-R2,2,8
M_LTX016_SU_T1-R2,3,3
M_LTX016_SU_T1-R2,4,1
M_LTX016_SU_T1-R2,5,0
M_LTX016_SU_T1-R2,6,1
M_LTX016_SU_T1-R2,7,0
M_LTX016_SU_T1-R2,8,3
M_LTX016_SU_T1-R3,1,0
M_LTX016_SU_T1-R3,2,0
M_LTX016_SU_T1-R3,3,4
M_LTX016_SU_T1-R3,4,0
M_LTX016_SU_T1-R3,5,0
M_LTX016_SU_T1-R3,6,0
M_LTX016_SU_T1-R3,7,0
M_LTX016_SU_T1-R3,8,0
M_LTX016_SU_T1-R4,1,1
M_LTX016_SU_T1-R4,2,2
M_LTX016_SU_T1-R4,3,3
M_LTX016_SU_T1-R4,4,1
M_LTX016_SU_T1-R4,5,0
M_LTX016_SU_T1-R4,6,0
M_LTX016_SU_T1-R4,7,2
M_LTX016_SU_T1-R4,8,2
M_LTX016_SU_T1-R5,1,3
M_LTX016_SU_T1-R5,2,3
M_LTX016_SU_T1-R5,3,4
M_LTX016_SU_T1-R5,4,2
M_LTX016_SU_T1-R5,5,0
M_LTX016_SU_T1-R5,6,0
M_LTX016_SU_T1-R5,7,0
M_LTX016_SU_T1-R5,8,4
M_LTX025_SU_T1-R1,1,2
M_LTX025_SU_T1-R1,2,1
M_LTX025_SU_T1-R1,3,17
M_LTX025_SU_T1-R1,4,4
M_LTX025_SU_T1-R1,5,0
M_LTX025_SU_T1-R1,6,0
M_LTX025_SU_T1-R1,7,0
M_LTX025_SU_T1-R1,8,5
M_LTX025_SU_T1-R2,1,3
M_LTX025_SU_T1-R2,2,5
M_LTX025_SU_T1-R2,3,25
M_LTX025_SU_T1-R2,4,14
M_LTX025_SU_T1-R2,5,8
M_LTX025_SU_T1-R2,6,0
M_LTX025_SU_T1-R2,7,1
M_LTX025_SU_T1-R2,8,4
M_LTX025_SU_T1-R3,1,8
M_LTX025_SU_T1-R3,2,12
M_LTX025_SU_T1-R3,3,34
M_LTX025_SU_T1-R3,4,4
M_LTX025_SU_T1-R3,5,6
M_LTX025_SU_T1-R3,6,1
M_LTX025_SU_T1-R3,7,0
M_LTX025_SU_T1-R3,8,6
M_LTX025_SU_T1-R4,1,3
M_LTX025_SU_T1-R4,2,2
M_LTX025_SU_T1-R4,3,40
M_LTX025_SU_T1-R4,4,4
M_LTX025_SU_T1-R4,5,4
M_LTX025_SU_T1-R4,6,0
M_LTX025_SU_T1-R4,7,2
M_LTX025_SU_T1-R4,8,0
M_LTX028_SU_T1-R1,1,0
M_LTX028_SU_T1-R1,2,6
M_LTX028_SU_T1-R1,3,37
M_LTX028_SU_T1-R1,4,23
M_LTX028_SU_T1-R1,5,4
M_LTX028_SU_T1-R1,6,2
M_LTX028_SU_T1-R1,7,0
M_LTX028_SU_T1-R1,8,0
M_LTX028_SU_T1-R2,1,0
M_LTX028_SU_T1-R2,2,8
M_LTX028_SU_T1-R2,3,34
M_LTX028_SU_T1-R2,4,19
M_LTX028_SU_T1-R2,5,6
M_LTX028_SU_T1-R2,6,2
M_LTX028_SU_T1-R2,7,1
M_LTX028_SU_T1-R2,8,0
M_LTX028_SU_T1-R3,1,0
M_LTX028_SU_T1-R3,2,4
M_LTX028_SU_T1-R3,3,39
M_LTX028_SU_T1-R3,4,19
M_LTX028_SU_T1-R3,5,10
M_LTX028_SU_T1-R3,6,3
M_LTX028_SU_T1-R3,7,0
M_LTX028_SU_T1-R3,8,0
M_LTX028_SU_T1-R4,1,0
M_LTX028_SU_T1-R4,2,5
M_LTX028_SU_T1-R4,3,5
M_LTX028_SU_T1-R4,4,0
M_LTX028_SU_T1-R4,5,2
M_LTX028_SU_T1-R4,6,2
M_LTX028_SU_T1-R4,7,0
M_LTX028_SU_T1-R4,8,0
M_LTX028_SU_T1-R5,1,2
M_LTX028_SU_T1-R5,2,4
M_LTX028_SU_T1-R5,3,32
M_LTX028_SU_T1-R5,4,19
M_LTX028_SU_T1-R5,5,4
M_LTX028_SU_T1-R5,6,0
M_LTX028_SU_T1-R5,7,0
M_LTX028_SU_T1-R5,8,4
M_LTX028_SU_T1-R6,1,0
M_LTX028_SU_T1-R6,2,6
M_LTX028_SU_T1-R6,3,33
M_LTX028_SU_T1-R6,4,17
M_LTX028_SU_T1-R6,5,2
M_LTX028_SU_T1-R6,6,3
M_LTX028_SU_T1-R6,7,1
M_LTX028_SU_T1-R6,8,0
M_LTX028_SU_T1-R7,1,0
M_LTX028_SU_T1-R7,2,7
M_LTX028_SU_T1-R7,3,64
M_LTX028_SU_T1-R7,4,15
M_LTX028_SU_T1-R7,5,9
M_LTX028_SU_T1-R7,6,2
M_LTX028_SU_T1-R7,7,0
M_LTX028_SU_T1-R7,8,0
M_LTX028_SU_T1-R8,1,0
M_LTX028_SU_T1-R8,2,2
M_LTX028_SU_T1-R8,3,7
M_LTX028_SU_T1-R8,4,0
M_LTX028_SU_T1-R8,5,0
M_LTX028_SU_T1-R8,6,2
M_LTX028_SU_T1-R8,7,2
M_LTX028_SU_T1-R8,8,0
M_LTX032_SU_T1-R1,1,0
M_LTX032_SU_T1-R1,2,4
M_LTX032_SU_T1-R1,3,5
M_LTX032_SU_T1-R1,4,17
M_LTX032_SU_T1-R1,5,12
M_LTX032_SU_T1-R1,6,6
M_LTX032_SU_T1-R1,7,6
M_LTX032_SU_T1-R1,8,12
M_LTX032_SU_T1-R2,1,0
M_LTX032_SU_T1-R2,2,5
M_LTX032_SU_T1-R2,3,27
M_LTX032_SU_T1-R2,4,7
M_LTX032_SU_T1-R2,5,5
M_LTX032_SU_T1-R2,6,4
M_LTX032_SU_T1-R2,7,2
M_LTX032_SU_T1-R2,8,8
M_LTX032_SU_T1-R3,1,2
M_LTX032_SU_T1-R3,2,1
M_LTX032_SU_T1-R3,3,16
M_LTX032_SU_T1-R3,4,8
M_LTX032_SU_T1-R3,5,5
M_LTX032_SU_T1-R3,6,1
M_LTX032_SU_T1-R3,7,1
M_LTX032_SU_T1-R3,8,7
M_LTX032_SU_T1-R4,1,0
M_LTX032_SU_T1-R4,2,1
M_LTX032_SU_T1-R4,3,9
M_LTX032_SU_T1-R4,4,24
M_LTX032_SU_T1-R4,5,12
M_LTX032_SU_T1-R4,6,6
M_LTX032_SU_T1-R4,7,7
M_LTX032_SU_T1-R4,8,7
M_LTX035_SU_T1-R1,1,0
M_LTX035_SU_T1-R1,2,10
M_LTX035_SU_T1-R1,3,23
M_LTX035_SU_T1-R1,4,5
M_LTX035_SU_T1-R1,5,2
M_LTX035_SU_T1-R1,6,5
M_LTX035_SU_T1-R1,7,0
M_LTX035_SU_T1-R1,8,3
M_LTX035_SU_T1-R2,1,0
M_LTX035_SU_T1-R2,2,0
M_LTX035_SU_T1-R2,3,5
M_LTX035_SU_T1-R2,4,0
M_LTX035_SU_T1-R2,5,0
M_LTX035_SU_T1-R2,6,0
M_LTX035_SU_T1-R2,7,0
M_LTX035_SU_T1-R2,8,0
M_LTX063_SU_T1-R1,1,0
M_LTX063_SU_T1-R1,2,8
M_LTX063_SU_T1-R1,3,5
M_LTX063_SU_T1-R1,4,1
M_LTX063_SU_T1-R1,5,1
M_LTX063_SU_T1-R1,6,3
M_LTX063_SU_T1-R1,7,0
M_LTX063_SU_T1-R1,8,0
M_LTX063_SU_T1-R2,1,2
M_LTX063_SU_T1-R2,2,30
M_LTX063_SU_T1-R2,3,8
M_LTX063_SU_T1-R2,4,4
M_LTX063_SU_T1-R2,5,0
M_LTX063_SU_T1-R2,6,1
M_LTX063_SU_T1-R2,7,0
M_LTX063_SU_T1-R2,8,5
M_LTX063_SU_T1-R3,1,1
M_LTX063_SU_T1-R3,2,3
M_LTX063_SU_T1-R3,3,21
M_LTX063_SU_T1-R3,4,6
M_LTX063_SU_T1-R3,5,8
M_LTX063_SU_T1-R3,6,3
M_LTX063_SU_T1-R3,7,2
M_LTX063_SU_T1-R3,8,3
M_LTX063_SU_T1-R4,1,2
M_LTX063_SU_T1-R4,2,6
M_LTX063_SU_T1-R4,3,20
M_LTX063_SU_T1-R4,4,8
M_LTX063_SU_T1-R4,5,6
M_LTX063_SU_T1-R4,6,2
M_LTX063_SU_T1-R4,7,2
M_LTX063_SU_T1-R4,8,2
M_LTX063_SU_T1-R5,1,0
M_LTX063_SU_T1-R5,2,2
M_LTX063_SU_T1-R5,3,19
M_LTX063_SU_T1-R5,4,4
M_LTX063_SU_T1-R5,5,5
M_LTX063_SU_T1-R5,6,4
M_LTX063_SU_T1-R5,7,2
M_LTX063_SU_T1-R5,8,3
M_LTX063_SU_T1-R6,1,1
M_LTX063_SU_T1-R6,2,2
M_LTX063_SU_T1-R6,3,19
M_LTX063_SU_T1-R6,4,4
M_LTX063_SU_T1-R6,5,5
M_LTX063_SU_T1-R6,6,1
M_LTX063_SU_T1-R6,7,1
M_LTX063_SU_T1-R6,8,5
M_LTX073_SU_T1-R1,1,1
M_LTX073_SU_T1-R1,2,3
M_LTX073_SU_T1-R1,3,11
M_LTX073_SU_T1-R1,4,22
M_LTX073_SU_T1-R1,5,21
M_LTX073_SU_T1-R1,6,6
M_LTX073_SU_T1-R1,7,6
M_LTX073_SU_T1-R1,8,19
M_LTX073_SU_T1-R2,1,1
M_LTX073_SU_T1-R2,2,11
M_LTX073_SU_T1-R2,3,35
M_LTX073_SU_T1-R2,4,8
M_LTX073_SU_T1-R2,5,2
M_LTX073_SU_T1-R2,6,3
M_LTX073_SU_T1-R2,7,3
M_LTX073_SU_T1-R2,8,7
M_LTX073_SU_T1-R3,1,8
M_LTX073_SU_T1-R3,2,54
M_LTX073_SU_T1-R3,3,46
M_LTX073_SU_T1-R3,4,12
M_LTX073_SU_T1-R3,5,4
M_LTX073_SU_T1-R3,6,2
M_LTX073_SU_T1-R3,7,3
M_LTX073_SU_T1-R3,8,3
M_LTX073_SU_T1-R4,1,1
M_LTX073_SU_T1-R4,2,7
M_LTX073_SU_T1-R4,3,27
M_LTX073_SU_T1-R4,4,28
M_LTX073_SU_T1-R4,5,10
M_LTX073_SU_T1-R4,6,6
M_LTX073_SU_T1-R4,7,4
M_LTX073_SU_T1-R4,8,2
M_LTX074_SU_T1-R1,1,1
M_LTX074_SU_T1-R1,2,34
M_LTX074_SU_T1-R1,3,7
M_LTX074_SU_T1-R1,4,1
M_LTX074_SU_T1-R1,5,1
M_LTX074_SU_T1-R1,6,0
M_LTX074_SU_T1-R1,7,0
M_LTX074_SU_T1-R1,8,0
M_LTX074_SU_T1-R2,1,4
M_LTX074_SU_T1-R2,2,45
M_LTX074_SU_T1-R2,3,7
M_LTX074_SU_T1-R2,4,1
M_LTX074_SU_T1-R2,5,0
M_LTX074_SU_T1-R2,6,0
M_LTX074_SU_T1-R2,7,0
M_LTX074_SU_T1-R2,8,0
M_LTX074_SU_T1-R3,1,3
M_LTX074_SU_T1-R3,2,49
M_LTX074_SU_T1-R3,3,4
M_LTX074_SU_T1-R3,4,1
M_LTX074_SU_T1-R3,5,1
M_LTX074_SU_T1-R3,6,0
M_LTX074_SU_T1-R3,7,0
M_LTX074_SU_T1-R3,8,0
M_LTX074_SU_T1-R4,1,9
M_LTX074_SU_T1-R4,2,38
M_LTX074_SU_T1-R4,3,10
M_LTX074_SU_T1-R4,4,1
M_LTX074_SU_T1-R4,5,1
M_LTX074_SU_T1-R4,6,0
M_LTX074_SU_T1-R4,7,0
M_LTX074_SU_T1-R4,8,0
M_LTX080_SU_T1-R1,1,0
M_LTX080_SU_T1-R1,2,1
M_LTX080_SU_T1-R1,3,12
M_LTX080_SU_T1-R1,4,4
M_LTX080_SU_T1-R1,5,0
M_LTX080_SU_T1-R1,6,1
M_LTX080_SU_T1-R1,7,2
M_LTX080_SU_T1-R1,8,3
M_LTX080_SU_T1-R2,1,0
M_LTX080_SU_T1-R2,2,1
M_LTX080_SU_T1-R2,3,10
M_LTX080_SU_T1-R2,4,2
M_LTX080_SU_T1-R2,5,1
M_LTX080_SU_T1-R2,6,5
M_LTX080_SU_T1-R2,7,0
M_LTX080_SU_T1-R2,8,1
M_LTX080_SU_T1-R3,1,0
M_LTX080_SU_T1-R3,2,1
M_LTX080_SU_T1-R3,3,13
M_LTX080_SU_T1-R3,4,3
M_LTX080_SU_T1-R3,5,0
M_LTX080_SU_T1-R3,6,6
M_LTX080_SU_T1-R3,7,0
M_LTX080_SU_T1-R3,8,1
M_LTX080_SU_T1-R4,1,0
M_LTX080_SU_T1-R4,2,0
M_LTX080_SU_T1-R4,3,17
M_LTX080_SU_T1-R4,4,1
M_LTX080_SU_T1-R4,5,0
M_LTX080_SU_T1-R4,6,4
M_LTX080_SU_T1-R4,7,2
M_LTX080_SU_T1-R4,8,1
M_LTX085_SU_T1-R1,1,0
M_LTX085_SU_T1-R1,2,3
M_LTX085_SU_T1-R1,3,9
M_LTX085_SU_T1-R1,4,15
M_LTX085_SU_T1-R1,5,3
M_LTX085_SU_T1-R1,6,4
M_LTX085_SU_T1-R1,7,2
M_LTX085_SU_T1-R1,8,1
M_LTX085_SU_T1-R2,1,0
M_LTX085_SU_T1-R2,2,8
M_LTX085_SU_T1-R2,3,4
M_LTX085_SU_T1-R2,4,0
M_LTX085_SU_T1-R2,5,0
M_LTX085_SU_T1-R2,6,2
M_LTX085_SU_T1-R2,7,3
M_LTX085_SU_T1-R2,8,0
M_LTX093_SU_T1-R1,1,0
M_LTX093_SU_T1-R1,2,1
M_LTX093_SU_T1-R1,3,18
M_LTX093_SU_T1-R1,4,5
M_LTX093_SU_T1-R1,5,1
M_LTX093_SU_T1-R1,6,4
M_LTX093_SU_T1-R1,7,2
M_LTX093_SU_T1-R1,8,1
M_LTX093_SU_T1-R2,1,0
M_LTX093_SU_T1-R2,2,7
M_LTX093_SU_T1-R2,3,23
M_LTX093_SU_T1-R2,4,8
M_LTX093_SU_T1-R2,5,2
M_LTX093_SU_T1-R2,6,0
M_LTX093_SU_T1-R2,7,2
M_LTX093_SU_T1-R2,8,1
M_LTX093_SU_T1-R3,1,1
M_LTX093_SU_T1-R3,2,7
M_LTX093_SU_T1-R3,3,3
M_LTX093_SU_T1-R3,4,1
M_LTX093_SU_T1-R3,5,0
M_LTX093_SU_T1-R3,6,2
M_LTX093_SU_T1-R3,7,1
M_LTX093_SU_T1-R3,8,3
M_LTX093_SU_T1-R4,1,0
M_LTX093_SU_T1-R4,2,7
M_LTX093_SU_T1-R4,3,19
M_LTX093_SU_T1-R4,4,7
M_LTX093_SU_T1-R4,5,2
M_LTX093_SU_T1-R4,6,4
M_LTX093_SU_T1-R4,7,0
M_LTX093_SU_T1-R4,8,1
M_LTX118_SU_T1-R1,1,2
M_LTX118_SU_T1-R1,2,0
M_LTX118_SU_T1-R1,3,27
M_LTX118_SU_T1-R1,4,8
M_LTX118_SU_T1-R1,5,5
M_LTX118_SU_T1-R1,6,3
M_LTX118_SU_T1-R1,7,0
M_LTX118_SU_T1-R1,8,2
M_LTX118_SU_T1-R2,1,1
M_LTX118_SU_T1-R2,2,2
M_LTX118_SU_T1-R2,3,23
M_LTX118_SU_T1-R2,4,5
M_LTX118_SU_T1-R2,5,2
M_LTX118_SU_T1-R2,6,3
M_LTX118_SU_T1-R2,7,0
M_LTX118_SU_T1-R2,8,3
M_LTX133_SU_T1-R1,1,0
M_LTX133_SU_T1-R1,2,0
M_LTX133_SU_T1-R1,3,8
M_LTX133_SU_T1-R1,4,1
M_LTX133_SU_T1-R1,5,23
M_LTX133_SU_T1-R1,6,4
M_LTX133_SU_T1-R1,7,6
M_LTX133_SU_T1-R1,8,7
M_LTX133_SU_T1-R2,1,2
M_LTX133_SU_T1-R2,2,46
M_LTX133_SU_T1-R2,3,8
M_LTX133_SU_T1-R2,4,2
M_LTX133_SU_T1-R2,5,4
M_LTX133_SU_T1-R2,6,1
M_LTX133_SU_T1-R2,7,0
M_LTX133_SU_T1-R2,8,0
M_LTX133_SU_T1-R3,1,1
M_LTX133_SU_T1-R3,2,11
M_LTX133_SU_T1-R3,3,15
M_LTX133_SU_T1-R3,4,3
M_LTX133_SU_T1-R3,5,2
M_LTX133_SU_T1-R3,6,2
M_LTX133_SU_T1-R3,7,3
M_LTX133_SU_T1-R3,8,0
M_LTX133_SU_T1-R4,1,0
M_LTX133_SU_T1-R4,2,16
M_LTX133_SU_T1-R4,3,25
M_LTX133_SU_T1-R4,4,10
M_LTX133_SU_T1-R4,5,1
M_LTX133_SU_T1-R4,6,2
M_LTX133_SU_T1-R4,7,2
M_LTX133_SU_T1-R4,8,0
M_LTX133_SU_T1-R5,1,0
M_LTX133_SU_T1-R5,2,15
M_LTX133_SU_T1-R5,3,26
M_LTX133_SU_T1-R5,4,9
M_LTX133_SU_T1-R5,5,2
M_LTX133_SU_T1-R5,6,1
M_LTX133_SU_T1-R5,7,2
M_LTX133_SU_T1-R5,8,0
M_LTX133_SU_T1-R6,1,0
M_LTX133_SU_T1-R6,2,14
M_LTX133_SU_T1-R6,3,29
M_LTX133_SU_T1-R6,4,11
M_LTX133_SU_T1-R6,5,1
M_LTX133_SU_T1-R6,6,3
M_LTX133_SU_T1-R6,7,0
M_LTX133_SU_T1-R6,8,0
M_LTX133_SU_T1-R7,1,0
M_LTX133_SU_T1-R7,2,0
M_LTX133_SU_T1-R7,3,12
M_LTX133_SU_T1-R7,4,1
M_LTX133_SU_T1-R7,5,28
M_LTX133_SU_T1-R7,6,2
M_LTX133_SU_T1-R7,7,8
M_LTX133_SU_T1-R7,8,5
M_LTX142_SU_T1-R1,1,1
M_LTX142_SU_T1-R1,2,0
M_LTX142_SU_T1-R1,3,15
M_LTX142_SU_T1-R1,4,4
M_LTX142_SU_T1-R1,5,2
M_LTX142_SU_T1-R1,6,3
M_LTX142_SU_T1-R1,7,2
M_LTX142_SU_T1-R1,8,6
M_LTX142_SU_T1-R2,1,0
M_LTX142_SU_T1-R2,2,1
M_LTX142_SU_T1-R2,3,14
M_LTX142_SU_T1-R2,4,9
M_LTX142_SU_T1-R2,5,3
M_LTX142_SU_T1-R2,6,5
M_LTX142_SU_T1-R2,7,1
M_LTX142_SU_T1-R2,8,4
M_LTX149_SU_T1-R1,1,0
M_LTX149_SU_T1-R1,2,19
M_LTX149_SU_T1-R1,3,10
M_LTX149_SU_T1-R1,4,1
M_LTX149_SU_T1-R1,5,0
M_LTX149_SU_T1-R1,6,0
M_LTX149_SU_T1-R1,7,0
M_LTX149_SU_T1-R1,8,0
M_LTX149_SU_T1-R2,1,0
M_LTX149_SU_T1-R2,2,20
M_LTX149_SU_T1-R2,3,5
M_LTX149_SU_T1-R2,4,0
M_LTX149_SU_T1-R2,5,0
M_LTX149_SU_T1-R2,6,0
M_LTX149_SU_T1-R2,7,0
M_LTX149_SU_T1-R2,8,0
M_LTX149_SU_T1-R3,1,0
M_LTX149_SU_T1-R3,2,19
M_LTX149_SU_T1-R3,3,10
M_LTX149_SU_T1-R3,4,0
M_LTX149_SU_T1-R3,5,0
M_LTX149_SU_T1-R3,6,0
M_LTX149_SU_T1-R3,7,0
M_LTX149_SU_T1-R3,8,0
M_LTX149_SU_T1-R4,1,0
M_LTX149_SU_T1-R4,2,18
M_LTX149_SU_T1-R4,3,7
M_LTX149_SU_T1-R4,4,0
M_LTX149_SU_T1-R4,5,0
M_LTX149_SU_T1-R4,6,0
M_LTX149_SU_T1-R4,7,0
M_LTX149_SU_T1-R4,8,0
M_LTX159_SU_T1-R1,1,6
M_LTX159_SU_T1-R1,2,5
M_LTX159_SU_T1-R1,3,11
M_LTX159_SU_T1-R1,4,0
M_LTX159_SU_T1-R1,5,0
M_LTX159_SU_T1-R1,6,0
M_LTX159_SU_T1-R1,7,0
M_LTX159_SU_T1-R1,8,5
M_LTX159_SU_T1-R2,1,0
M_LTX159_SU_T1-R2,2,4
M_LTX159_SU_T1-R2,3,3
M_LTX159_SU_T1-R2,4,0
M_LTX159_SU_T1-R2,5,1
M_LTX159_SU_T1-R2,6,4
M_LTX159_SU_T1-R2,7,0
M_LTX159_SU_T1-R2,8,0
M_LTX159_SU_T1-R3,1,1
M_LTX159_SU_T1-R3,2,3
M_LTX159_SU_T1-R3,3,4
M_LTX159_SU_T1-R3,4,0
M_LTX159_SU_T1-R3,5,0
M_LTX159_SU_T1-R3,6,1
M_LTX159_SU_T1-R3,7,0
M_LTX159_SU_T1-R3,8,4
M_LTX159_SU_T1-R4,1,2
M_LTX159_SU_T1-R4,2,2
M_LTX159_SU_T1-R4,3,7
M_LTX159_SU_T1-R4,4,1
M_LTX159_SU_T1-R4,5,0
M_LTX159_SU_T1-R4,6,1
M_LTX159_SU_T1-R4,7,2
M_LTX159_SU_T1-R4,8,2
M_LTX159_SU_T1-R5,1,2
M_LTX159_SU_T1-R5,2,2
M_LTX159_SU_T1-R5,3,5
M_LTX159_SU_T1-R5,4,0
M_LTX159_SU_T1-R5,5,0
M_LTX159_SU_T1-R5,6,1
M_LTX159_SU_T1-R5,7,3
M_LTX159_SU_T1-R5,8,1
M_LTX162_SU_T1-R1,1,0
M_LTX162_SU_T1-R1,2,2
M_LTX162_SU_T1-R1,3,7
M_LTX162_SU_T1-R1,4,2
M_LTX162_SU_T1-R1,5,1
M_LTX162_SU_T1-R1,6,4
M_LTX162_SU_T1-R1,7,1
M_LTX162_SU_T1-R1,8,0
M_LTX162_SU_T1-R2,1,0
M_LTX162_SU_T1-R2,2,1
M_LTX162_SU_T1-R2,3,3
M_LTX162_SU_T1-R2,4,1
M_LTX162_SU_T1-R2,5,1
M_LTX162_SU_T1-R2,6,1
M_LTX162_SU_T1-R2,7,2
M_LTX162_SU_T1-R2,8,0
M_LTX169_SU_T1-R1,1,2
M_LTX169_SU_T1-R1,2,3
M_LTX169_SU_T1-R1,3,2
M_LTX169_SU_T1-R1,4,1
M_LTX169_SU_T1-R1,5,4
M_LTX169_SU_T1-R1,6,0
M_LTX169_SU_T1-R1,7,0
M_LTX169_SU_T1-R1,8,0
M_LTX169_SU_T1-R2,1,0
M_LTX169_SU_T1-R2,2,7
M_LTX169_SU_T1-R2,3,4
M_LTX169_SU_T1-R2,4,1
M_LTX169_SU_T1-R2,5,3
M_LTX169_SU_T1-R2,6,1
M_LTX169_SU_T1-R2,7,0
M_LTX169_SU_T1-R2,8,0
M_LTX169_SU_T1-R3,1,9
M_LTX169_SU_T1-R3,2,8
M_LTX169_SU_T1-R3,3,5
M_LTX169_SU_T1-R3,4,0
M_LTX169_SU_T1-R3,5,0
M_LTX169_SU_T1-R3,6,0
M_LTX169_SU_T1-R3,7,1
M_LTX169_SU_T1-R3,8,4
M_LTX169_SU_T1-R4,1,2
M_LTX169_SU_T1-R4,2,4
M_LTX169_SU_T1-R4,3,5
M_LTX169_SU_T1-R4,4,0
M_LTX169_SU_T1-R4,5,0
M_LTX169_SU_T1-R4,6,0
M_LTX169_SU_T1-R4,7,5
M_LTX169_SU_T1-R4,8,0
M_LTX170_SU_T1-R1,1,0
M_LTX170_SU_T1-R1,2,24
M_LTX170_SU_T1-R1,3,4
M_LTX170_SU_T1-R1,4,3
M_LTX170_SU_T1-R1,5,0
M_LTX170_SU_T1-R1,6,0
M_LTX170_SU_T1-R1,7,0
M_LTX170_SU_T1-R1,8,0
M_LTX170_SU_T1-R2,1,0
M_LTX170_SU_T1-R2,2,26
M_LTX170_SU_T1-R2,3,7
M_LTX170_SU_T1-R2,4,0
M_LTX170_SU_T1-R2,5,0
M_LTX170_SU_T1-R2,6,0
M_LTX170_SU_T1-R2,7,0
M_LTX170_SU_T1-R2,8,0
M_LTX175_SU_T1-R1,1,1
M_LTX175_SU_T1-R1,2,3
M_LTX175_SU_T1-R1,3,19
M_LTX175_SU_T1-R1,4,13
M_LTX175_SU_T1-R1,5,25
M_LTX175_SU_T1-R1,6,2
M_LTX175_SU_T1-R1,7,6
M_LTX175_SU_T1-R1,8,15
M_LTX175_SU_T1-R2,1,0
M_LTX175_SU_T1-R2,2,6
M_LTX175_SU_T1-R2,3,19
M_LTX175_SU_T1-R2,4,36
M_LTX175_SU_T1-R2,5,13
M_LTX175_SU_T1-R2,6,6
M_LTX175_SU_T1-R2,7,4
M_LTX175_SU_T1-R2,8,9
M_LTX175_SU_T1-R3,1,2
M_LTX175_SU_T1-R3,2,15
M_LTX175_SU_T1-R3,3,39
M_LTX175_SU_T1-R3,4,15
M_LTX175_SU_T1-R3,5,9
M_LTX175_SU_T1-R3,6,4
M_LTX175_SU_T1-R3,7,3
M_LTX175_SU_T1-R3,8,3
M_LTX175_SU_T1-R4,1,1
M_LTX175_SU_T1-R4,2,7
M_LTX175_SU_T1-R4,3,25
M_LTX175_SU_T1-R4,4,50
M_LTX175_SU_T1-R4,5,14
M_LTX175_SU_T1-R4,6,14
M_LTX175_SU_T1-R4,7,4
M_LTX175_SU_T1-R4,8,9
M_LTX178_SU_T1-R1,1,2
M_LTX178_SU_T1-R1,2,6
M_LTX178_SU_T1-R1,3,7
M_LTX178_SU_T1-R1,4,0
M_LTX178_SU_T1-R1,5,0
M_LTX178_SU_T1-R1,6,1
M_LTX178_SU_T1-R1,7,3
M_LTX178_SU_T1-R1,8,1
M_LTX178_SU_T1-R2,1,0
M_LTX178_SU_T1-R2,2,9
M_LTX178_SU_T1-R2,3,1
M_LTX178_SU_T1-R2,4,0
M_LTX178_SU_T1-R2,5,5
M_LTX178_SU_T1-R2,6,0
M_LTX178_SU_T1-R2,7,0
M_LTX178_SU_T1-R2,8,0
M_LTX181_SU_T1-R1,1,0
M_LTX181_SU_T1-R1,2,1
M_LTX181_SU_T1-R1,3,4
M_LTX181_SU_T1-R1,4,1
M_LTX181_SU_T1-R1,5,0
M_LTX181_SU_T1-R1,6,0
M_LTX181_SU_T1-R1,7,0
M_LTX181_SU_T1-R1,8,0
M_LTX181_SU_T1-R2,1,0
M_LTX181_SU_T1-R2,2,1
M_LTX181_SU_T1-R2,3,6
M_LTX181_SU_T1-R2,4,1
M_LTX181_SU_T1-R2,5,0
M_LTX181_SU_T1-R2,6,0
M_LTX181_SU_T1-R2,7,0
M_LTX181_SU_T1-R2,8,0
M_LTX196_SU_T1-R1,1,1
M_LTX196_SU_T1-R1,2,4
M_LTX196_SU_T1-R1,3,12
M_LTX196_SU_T1-R1,4,4
M_LTX196_SU_T1-R1,5,0
M_LTX196_SU_T1-R1,6,0
M_LTX196_SU_T1-R1,7,0
M_LTX196_SU_T1-R1,8,6
M_LTX196_SU_T1-R2,1,0
M_LTX196_SU_T1-R2,2,2
M_LTX196_SU_T1-R2,3,16
M_LTX196_SU_T1-R2,4,4
M_LTX196_SU_T1-R2,5,3
M_LTX196_SU_T1-R2,6,4
M_LTX196_SU_T1-R2,7,0
M_LTX196_SU_T1-R2,8,0
M_LTX214_SU_T1-R1,1,2
M_LTX214_SU_T1-R1,2,13
M_LTX214_SU_T1-R1,3,18
M_LTX214_SU_T1-R1,4,5
M_LTX214_SU_T1-R1,5,6
M_LTX214_SU_T1-R1,6,1
M_LTX214_SU_T1-R1,7,1
M_LTX214_SU_T1-R1,8,1
M_LTX214_SU_T1-R2,1,2
M_LTX214_SU_T1-R2,2,9
M_LTX214_SU_T1-R2,3,5
M_LTX214_SU_T1-R2,4,1
M_LTX214_SU_T1-R2,5,0
M_LTX214_SU_T1-R2,6,0
M_LTX214_SU_T1-R2,7,0
M_LTX214_SU_T1-R2,8,4
M_LTX232_SU_T1-R1,1,0
M_LTX232_SU_T1-R1,2,1
M_LTX232_SU_T1-R1,3,26
M_LTX232_SU_T1-R1,4,2
M_LTX232_SU_T1-R1,5,6
M_LTX232_SU_T1-R1,6,1
M_LTX232_SU_T1-R1,7,2
M_LTX232_SU_T1-R1,8,3
M_LTX232_SU_T1-R2,1,1
M_LTX232_SU_T1-R2,2,4
M_LTX232_SU_T1-R2,3,24
M_LTX232_SU_T1-R2,4,1
M_LTX232_SU_T1-R2,5,4
M_LTX232_SU_T1-R2,6,1
M_LTX232_SU_T1-R2,7,4
M_LTX232_SU_T1-R2,8,1
M_LTX240_SU_T1-R1,1,1
M_LTX240_SU_T1-R1,2,2
M_LTX240_SU_T1-R1,3,24
M_LTX240_SU_T1-R1,4,3
M_LTX240_SU_T1-R1,5,2
M_LTX240_SU_T1-R1,6,0
M_LTX240_SU_T1-R1,7,0
M_LTX240_SU_T1-R1,8,0
M_LTX240_SU_T1-R2,1,3
M_LTX240_SU_T1-R2,2,6
M_LTX240_SU_T1-R2,3,30
M_LTX240_SU_T1-R2,4,4
M_LTX240_SU_T1-R2,5,1
M_LTX240_SU_T1-R2,6,0
M_LTX240_SU_T1-R2,7,0
M_LTX240_SU_T1-R2,8,0
M_LTX240_SU_T1-R3,1,3
M_LTX240_SU_T1-R3,2,2
M_LTX240_SU_T1-R3,3,23
M_LTX240_SU_T1-R3,4,6
M_LTX240_SU_T1-R3,5,1
M_LTX240_SU_T1-R3,6,0
M_LTX240_SU_T1-R3,7,0
M_LTX240_SU_T1-R3,8,0
M_LTX242_SU_T1-R1,1,0
M_LTX242_SU_T1-R1,2,1
M_LTX242_SU_T1-R1,3,4
M_LTX242_SU_T1-R1,4,2
M_LTX242_SU_T1-R1,5,2
M_LTX242_SU_T1-R1,6,0
M_LTX242_SU_T1-R1,7,1
M_LTX242_SU_T1-R1,8,3
M_LTX242_SU_T1-R2,1,1
M_LTX242_SU_T1-R2,2,2
M_LTX242_SU_T1-R2,3,4
M_LTX242_SU_T1-R2,4,5
M_LTX242_SU_T1-R2,5,5
M_LTX242_SU_T1-R2,6,1
M_LTX242_SU_T1-R2,7,0
M_LTX242_SU_T1-R2,8,4
M_LTX249_SU_T1-R1,1,1
M_LTX249_SU_T1-R1,2,6
M_LTX249_SU_T1-R1,3,20
M_LTX249_SU_T1-R1,4,2
M_LTX249_SU_T1-R1,5,2
M_LTX249_SU_T1-R1,6,1
M_LTX249_SU_T1-R1,7,0
M_LTX249_SU_T1-R1,8,0
M_LTX249_SU_T1-R2,1,0
M_LTX249_SU_T1-R2,2,2
M_LTX249_SU_T1-R2,3,5
M_LTX249_SU_T1-R2,4,14
M_LTX249_SU_T1-R2,5,4
M_LTX249_SU_T1-R2,6,5
M_LTX249_SU_T1-R2,7,2
M_LTX249_SU_T1-R2,8,1
M_LTX249_SU_T1-R3,1,0
M_LTX249_SU_T1-R3,2,4
M_LTX249_SU_T1-R3,3,19
M_LTX249_SU_T1-R3,4,10
M_LTX249_SU_T1-R3,5,5
M_LTX249_SU_T1-R3,6,1
M_LTX249_SU_T1-R3,7,0
M_LTX249_SU_T1-R3,8,0
M_LTX250_SU_LN1,1,3
M_LTX250_SU_LN1,2,9
M_LTX250_SU_LN1,3,6
M_LTX250_SU_LN1,4,0
M_LTX250_SU_LN1,5,0
M_LTX250_SU_LN1,6,0
M_LTX250_SU_LN1,7,3
M_LTX250_SU_LN1,8,2
M_LTX250_SU_LN2,1,4
M_LTX250_SU_LN2,2,12
M_LTX250_SU_LN2,3,8
M_LTX250_SU_LN2,4,0
M_LTX250_SU_LN2,5,0
M_LTX250_SU_LN2,6,2
M_LTX250_SU_LN2,7,2
M_LTX250_SU_LN2,8,1
M_LTX250_SU_T1-R1,1,1
M_LTX250_SU_T1-R1,2,12
M_LTX250_SU_T1-R1,3,29
M_LTX250_SU_T1-R1,4,18
M_LTX250_SU_T1-R1,5,7
M_LTX250_SU_T1-R1,6,2
M_LTX250_SU_T1-R1,7,2
M_LTX250_SU_T1-R1,8,4
M_LTX250_SU_T1-R2,1,2
M_LTX250_SU_T1-R2,2,2
M_LTX250_SU_T1-R2,3,16
M_LTX250_SU_T1-R2,4,9
M_LTX250_SU_T1-R2,5,3
M_LTX250_SU_T1-R2,6,0
M_LTX250_SU_T1-R2,7,0
M_LTX250_SU_T1-R2,8,5
M_LTX250_SU_T1-R3,1,0
M_LTX250_SU_T1-R3,2,0
M_LTX250_SU_T1-R3,3,5
M_LTX250_SU_T1-R3,4,0
M_LTX250_SU_T1-R3,5,0
M_LTX250_SU_T1-R3,6,0
M_LTX250_SU_T1-R3,7,0
M_LTX250_SU_T1-R3,8,0
M_LTX251_SU_T1-R1,1,0
M_LTX251_SU_T1-R1,2,4
M_LTX251_SU_T1-R1,3,25
M_LTX251_SU_T1-R1,4,10
M_LTX251_SU_T1-R1,5,8
M_LTX251_SU_T1-R1,6,1
M_LTX251_SU_T1-R1,7,1
M_LTX251_SU_T1-R1,8,1
M_LTX251_SU_T1-R2,1,0
M_LTX251_SU_T1-R2,2,1
M_LTX251_SU_T1-R2,3,22
M_LTX251_SU_T1-R2,4,7
M_LTX251_SU_T1-R2,5,6
M_LTX251_SU_T1-R2,6,3
M_LTX251_SU_T1-R2,7,2
M_LTX251_SU_T1-R2,8,1
R_LTX120_SU_T1-R1,1,0
R_LTX120_SU_T1-R1,2,0
R_LTX120_SU_T1-R1,3,8
R_LTX120_SU_T1-R1,4,5
R_LTX120_SU_T1-R1,5,4
R_LTX120_SU_T1-R1,6,3
R_LTX120_SU_T1-R1,7,0
R_LTX120_SU_T1-R1,8,5
R_LTX120_SU_T1-R2,1,0
R_LTX120_SU_T1-R2,2,0
R_LTX120_SU_T1-R2,3,11
R_LTX120_SU_T1-R2,4,6
R_LTX120_SU_T1-R2,5,2
R_LTX120_SU_T1-R2,6,0
R_LTX120_SU_T1-R2,7,2
R_LTX120_SU_T1-R2,8,3
R_LTX145_SU_T1-R1,1,0
R_LTX145_SU_T1-R1,2,21
R_LTX145_SU_T1-R1,3,0
R_LTX145_SU_T1-R1,4,0
R_LTX145_SU_T1-R1,5,0
R_LTX145_SU_T1-R1,6,0
R_LTX145_SU_T1-R1,7,0
R_LTX145_SU_T1-R1,8,0
R_LTX145_SU_T1-R2,1,0
R_LTX145_SU_T1-R2,2,16
R_LTX145_SU_T1-R2,3,1
R_LTX145_SU_T1-R2,4,0
R_LTX145_SU_T1-R2,5,0
R_LTX145_SU_T1-R2,6,0
R_LTX145_SU_T1-R2,7,0
R_LTX145_SU_T1-R2,8,0
R_LTX145_SU_T1-R3,1,0
R_LTX145_SU_T1-R3,2,17
R_LTX145_SU_T1-R3,3,1
R_LTX145_SU_T1-R3,4,0
R_LTX145_SU_T1-R3,5,0
R_LTX145_SU_T1-R3,6,0
R_LTX145_SU_T1-R3,7,0
R_LTX145_SU_T1-R3,8,0
R_LTX145_SU_T1-R4,1,0
R_LTX145_SU_T1-R4,2,16
R_LTX145_SU_T1-R4,3,1
R_LTX145_SU_T1-R4,4,0
R_LTX145_SU_T1-R4,5,0
R_LTX145_SU_T1-R4,6,0
R_LTX145_SU_T1-R4,7,0
R_LTX145_SU_T1-R4,8,0
R_LTX201_SU_LN1,1,0
R_LTX201_SU_LN1,2,0
R_LTX201_SU_LN1,3,4
R_LTX201_SU_LN1,4,1
R_LTX201_SU_LN1,5,0
R_LTX201_SU_LN1,6,0
R_LTX201_SU_LN1,7,0
R_LTX201_SU_LN1,8,0
R_LTX201_SU_T1-R1,1,1
R_LTX201_SU_T1-R1,2,12
R_LTX201_SU_T1-R1,3,8
R_LTX201_SU_T1-R1,4,1
R_LTX201_SU_T1-R1,5,0
R_LTX201_SU_T1-R1,6,1
R_LTX201_SU_T1-R1,7,4
R_LTX201_SU_T1-R1,8,0
R_LTX201_SU_T1-R2,1,0
R_LTX201_SU_T1-R2,2,0
R_LTX201_SU_T1-R2,3,5
R_LTX201_SU_T1-R2,4,0
R_LTX201_SU_T1-R2,5,0
R_LTX201_SU_T1-R2,6,0
R_LTX201_SU_T1-R2,7,0
R_LTX201_SU_T1-R2,8,0
R_LTX201_SU_T1-R3,1,0
R_LTX201_SU_T1-R3,2,13
R_LTX201_SU_T1-R3,3,3
R_LTX201_SU_T1-R3,4,1
R_LTX201_SU_T1-R3,5,0
R_LTX201_SU_T1-R3,6,4
R_LTX201_SU_T1-R3,7,1
R_LTX201_SU_T1-R3,8,0
R_LTX201_SU_T1-R4,1,0
R_LTX201_SU_T1-R4,2,12
R_LTX201_SU_T1-R4,3,2
R_LTX201_SU_T1-R4,4,0
R_LTX201_SU_T1-R4,5,0
R_LTX201_SU_T1-R4,6,4
R_LTX201_SU_T1-R4,7,0
R_LTX201_SU_T1-R4,8,1
R_LTX201_SU_T1-R5,1,2
R_LTX201_SU_T1-R5,2,8
R_LTX201_SU_T1-R5,3,7
R_LTX201_SU_T1-R5,4,0
R_LTX201_SU_T1-R5,5,0
R_LTX201_SU_T1-R5,6,2
R_LTX201_SU_T1-R5,7,1
R_LTX201_SU_T1-R5,8,2
R_LTX201_SU_T1-R6,1,1
R_LTX201_SU_T1-R6,2,18
R_LTX201_SU_T1-R6,3,5
R_LTX201_SU_T1-R6,4,1
R_LTX201_SU_T1-R6,5,1
R_LTX201_SU_T1-R6,6,0
R_LTX201_SU_T1-R6,7,4
R_LTX201_SU_T1-R6,8,1
R_LTX201_SU_T1-R7,1,3
R_LTX201_SU_T1-R7,2,10
R_LTX201_SU_T1-R7,3,8
R_LTX201_SU_T1-R7,4,0
R_LTX201_SU_T1-R7,5,0
R_LTX201_SU_T1-R7,6,0
R_LTX201_SU_T1-R7,7,0
R_LTX201_SU_T1-R7,8,5
R_LTX203_SU_LN1,1,5
R_LTX203_SU_LN1,2,8
R_LTX203_SU_LN1,3,3
R_LTX203_SU_LN1,4,0
R_LTX203_SU_LN1,5,0
R_LTX203_SU_LN1,6,2
R_LTX203_SU_LN1,7,2
R_LTX203_SU_LN1,8,1
R_LTX203_SU_T1-R1,1,3
R_LTX203_SU_T1-R1,2,12
R_LTX203_SU_T1-R1,3,23
R_LTX203_SU_T1-R1,4,6
R_LTX203_SU_T1-R1,5,3
R_LTX203_SU_T1-R1,6,2
R_LTX203_SU_T1-R1,7,0
R_LTX203_SU_T1-R1,8,9
R_LTX203_SU_T1-R2,1,3
R_LTX203_SU_T1-R2,2,4
R_LTX203_SU_T1-R2,3,21
R_LTX203_SU_T1-R2,4,15
R_LTX203_SU_T1-R2,5,8
R_LTX203_SU_T1-R2,6,3
R_LTX203_SU_T1-R2,7,0
R_LTX203_SU_T1-R2,8,10
R_LTX203_SU_T1-R3,1,1
R_LTX203_SU_T1-R3,2,3
R_LTX203_SU_T1-R3,3,3
R_LTX203_SU_T1-R3,4,1
R_LTX203_SU_T1-R3,5,0
R_LTX203_SU_T1-R3,6,0
R_LTX203_SU_T1-R3,7,0
R_LTX203_SU_T1-R3,8,5
R_LTX203_SU_T1-R4,1,7
R_LTX203_SU_T1-R4,2,17
R_LTX203_SU_T1-R4,3,18
R_LTX203_SU_T1-R4,4,5
R_LTX203_SU_T1-R4,5,3
R_LTX203_SU_T1-R4,6,2
R_LTX203_SU_T1-R4,7,2
R_LTX203_SU_T1-R4,8,9
U_LTX001_SU_T1-R1,1,0
U_LTX001_SU_T1-R1,2,2
U_LTX001_SU_T1-R1,3,5
U_LTX001_SU_T1-R1,4,1
U_LTX001_SU_T1-R1,5,2
U_LTX001_SU_T1-R1,6,0
U_LTX001_SU_T1-R1,7,0
U_LTX001_SU_T1-R1,8,0
U_LTX001_SU_T1-R2,1,0
U_LTX001_SU_T1-R2,2,1
U_LTX001_SU_T1-R2,3,6
U_LTX001_SU_T1-R2,4,3
U_LTX001_SU_T1-R2,5,0
U_LTX001_SU_T1-R2,6,1
U_LTX001_SU_T1-R2,7,0
U_LTX001_SU_T1-R2,8,0
U_LTX001_SU_T1-R3,1,0
U_LTX001_SU_T1-R3,2,2
U_LTX001_SU_T1-R3,3,8
U_LTX001_SU_T1-R3,4,5
U_LTX001_SU_T1-R3,5,0
U_LTX001_SU_T1-R3,6,1
U_LTX001_SU_T1-R3,7,0
U_LTX001_SU_T1-R3,8,0
U_LTX012_SU_T1-R1,1,0
U_LTX012_SU_T1-R1,2,1
U_LTX012_SU_T1-R1,3,42
U_LTX012_SU_T1-R1,4,8
U_LTX012_SU_T1-R1,5,6
U_LTX012_SU_T1-R1,6,1
U_LTX012_SU_T1-R1,7,0
U_LTX012_SU_T1-R1,8,0
U_LTX012_SU_T1-R2,1,0
U_LTX012_SU_T1-R2,2,5
U_LTX012_SU_T1-R2,3,37
U_LTX012_SU_T1-R2,4,5
U_LTX012_SU_T1-R2,5,6
U_LTX012_SU_T1-R2,6,2
U_LTX012_SU_T1-R2,7,0
U_LTX012_SU_T1-R2,8,0
U_LTX018_SU_T1-R1,1,0
U_LTX018_SU_T1-R1,2,0
U_LTX018_SU_T1-R1,3,9
U_LTX018_SU_T1-R1,4,1
U_LTX018_SU_T1-R1,5,2
U_LTX018_SU_T1-R1,6,3
U_LTX018_SU_T1-R1,7,2
U_LTX018_SU_T1-R1,8,2
U_LTX019_SU_T1-R1,1,0
U_LTX019_SU_T1-R1,2,4
U_LTX019_SU_T1-R1,3,6
U_LTX019_SU_T1-R1,4,0
U_LTX019_SU_T1-R1,5,0
U_LTX019_SU_T1-R1,6,3
U_LTX019_SU_T1-R1,7,1
U_LTX019_SU_T1-R1,8,1
U_LTX019_SU_T1-R2,1,1
U_LTX019_SU_T1-R2,2,0
U_LTX019_SU_T1-R2,3,4
U_LTX019_SU_T1-R2,4,1
U_LTX019_SU_T1-R2,5,0
U_LTX019_SU_T1-R2,6,0
U_LTX019_SU_T1-R2,7,0
U_LTX019_SU_T1-R2,8,0
U_LTX019_SU_T1-R3,1,2
U_LTX019_SU_T1-R3,2,46
U_LTX019_SU_T1-R3,3,12
U_LTX019_SU_T1-R3,4,0
U_LTX019_SU_T1-R3,5,0
U_LTX019_SU_T1-R3,6,2
U_LTX019_SU_T1-R3,7,3
U_LTX019_SU_T1-R3,8,0
U_LTX019_SU_T1-R4,1,0
U_LTX019_SU_T1-R4,2,7
U_LTX019_SU_T1-R4,3,35
U_LTX019_SU_T1-R4,4,4
U_LTX019_SU_T1-R4,5,7
U_LTX019_SU_T1-R4,6,3
U_LTX019_SU_T1-R4,7,1
U_LTX019_SU_T1-R4,8,4
U_LTX019_SU_T1-R5,1,0
U_LTX019_SU_T1-R5,2,3
U_LTX019_SU_T1-R5,3,27
U_LTX019_SU_T1-R5,4,15
U_LTX019_SU_T1-R5,5,5
U_LTX019_SU_T1-R5,6,2
U_LTX019_SU_T1-R5,7,0
U_LTX019_SU_T1-R5,8,5
U_LTX019_SU_T1-R6,1,0
U_LTX019_SU_T1-R6,2,3
U_LTX019_SU_T1-R6,3,20
U_LTX019_SU_T1-R6,4,6
U_LTX019_SU_T1-R6,5,4
U_LTX019_SU_T1-R6,6,1
U_LTX019_SU_T1-R6,7,0
U_LTX019_SU_T1-R6,8,5
U_LTX019_SU_T1-R7,1,2
U_LTX019_SU_T1-R7,2,3
U_LTX019_SU_T1-R7,3,16
U_LTX019_SU_T1-R7,4,8
U_LTX019_SU_T1-R7,5,5
U_LTX019_SU_T1-R7,6,1
U_LTX019_SU_T1-R7,7,0
U_LTX019_SU_T1-R7,8,5
U_LTX022_SU_T1-R1,1,2
U_LTX022_SU_T1-R1,2,6
U_LTX022_SU_T1-R1,3,5
U_LTX022_SU_T1-R1,4,4
U_LTX022_SU_T1-R1,5,1
U_LTX022_SU_T1-R1,6,1
U_LTX022_SU_T1-R1,7,0
U_LTX022_SU_T1-R1,8,4
U_LTX022_SU_T1-R2,1,6
U_LTX022_SU_T1-R2,2,9
U_LTX022_SU_T1-R2,3,4
U_LTX022_SU_T1-R2,4,0
U_LTX022_SU_T1-R2,5,0
U_LTX022_SU_T1-R2,6,2
U_LTX022_SU_T1-R2,7,2
U_LTX022_SU_T1-R2,8,0
U_LTX022_SU_T1-R3,1,0
U_LTX022_SU_T1-R3,2,2
U_LTX022_SU_T1-R3,3,4
U_LTX022_SU_T1-R3,4,0
U_LTX022_SU_T1-R3,5,0
U_LTX022_SU_T1-R3,6,0
U_LTX022_SU_T1-R3,7,0
U_LTX022_SU_T1-R3,8,0
U_LTX022_SU_T1-R4,1,1
U_LTX022_SU_T1-R4,2,5
U_LTX022_SU_T1-R4,3,0
U_LTX022_SU_T1-R4,4,4
U_LTX022_SU_T1-R4,5,0
U_LTX022_SU_T1-R4,6,0
U_LTX022_SU_T1-R4,7,0
U_LTX022_SU_T1-R4,8,0
U_LTX022_SU_T1-R5,1,0
U_LTX022_SU_T1-R5,2,7
U_LTX022_SU_T1-R5,3,14
U_LTX022_SU_T1-R5,4,2
U_LTX022_SU_T1-R5,5,1
U_LTX022_SU_T1-R5,6,1
U_LTX022_SU_T1-R5,7,0
U_LTX022_SU_T1-R5,8,2
U_LTX022_SU_T1-R6,1,0
U_LTX022_SU_T1-R6,2,0
U_LTX022_SU_T1-R6,3,0
U_LTX022_SU_T1-R6,4,0
U_LTX022_SU_T1-R6,5,2
U_LTX022_SU_T1-R6,6,2
U_LTX022_SU_T1-R6,7,0
U_LTX022_SU_T1-R6,8,0
U_LTX029_SU_T1-R1,1,1
U_LTX029_SU_T1-R1,2,46
U_LTX029_SU_T1-R1,3,7
U_LTX029_SU_T1-R1,4,1
U_LTX029_SU_T1-R1,5,0
U_LTX029_SU_T1-R1,6,0
U_LTX029_SU_T1-R1,7,0
U_LTX029_SU_T1-R1,8,0
U_LTX029_SU_T1-R2,1,2
U_LTX029_SU_T1-R2,2,46
U_LTX029_SU_T1-R2,3,2
U_LTX029_SU_T1-R2,4,0
U_LTX029_SU_T1-R2,5,0
U_LTX029_SU_T1-R2,6,0
U_LTX029_SU_T1-R2,7,0
U_LTX029_SU_T1-R2,8,0
U_LTX030_SU_T1-R1,1,0
U_LTX030_SU_T1-R1,2,4
U_LTX030_SU_T1-R1,3,14
U_LTX030_SU_T1-R1,4,3
U_LTX030_SU_T1-R1,5,0
U_LTX030_SU_T1-R1,6,1
U_LTX030_SU_T1-R1,7,0
U_LTX030_SU_T1-R1,8,4
U_LTX030_SU_T1-R2,1,2
U_LTX030_SU_T1-R2,2,12
U_LTX030_SU_T1-R2,3,7
U_LTX030_SU_T1-R2,4,2
U_LTX030_SU_T1-R2,5,0
U_LTX030_SU_T1-R2,6,0
U_LTX030_SU_T1-R2,7,1
U_LTX030_SU_T1-R2,8,3
U_LTX031_SU_T1-R2,1,4
U_LTX031_SU_T1-R2,2,19
U_LTX031_SU_T1-R2,3,6
U_LTX031_SU_T1-R2,4,6
U_LTX031_SU_T1-R2,5,0
U_LTX031_SU_T1-R2,6,0
U_LTX031_SU_T1-R2,7,0
U_LTX031_SU_T1-R2,8,0
U_LTX036_SU_T1-R1,1,3
U_LTX036_SU_T1-R1,2,4
U_LTX036_SU_T1-R1,3,25
U_LTX036_SU_T1-R1,4,10
U_LTX036_SU_T1-R1,5,3
U_LTX036_SU_T1-R1,6,1
U_LTX036_SU_T1-R1,7,3
U_LTX036_SU_T1-R1,8,5
U_LTX036_SU_T1-R2,1,0
U_LTX036_SU_T1-R2,2,0
U_LTX036_SU_T1-R2,3,5
U_LTX036_SU_T1-R2,4,0
U_LTX036_SU_T1-R2,5,0
U_LTX036_SU_T1-R2,6,0
U_LTX036_SU_T1-R2,7,0
U_LTX036_SU_T1-R2,8,0
U_LTX036_SU_T1-R3,1,0
U_LTX036_SU_T1-R3,2,13
U_LTX036_SU_T1-R3,3,34
U_LTX036_SU_T1-R3,4,10
U_LTX036_SU_T1-R3,5,4
U_LTX036_SU_T1-R3,6,0
U_LTX036_SU_T1-R3,7,6
U_LTX036_SU_T1-R3,8,2
U_LTX036_SU_T1-R4,1,0
U_LTX036_SU_T1-R4,2,5
U_LTX036_SU_T1-R4,3,30
U_LTX036_SU_T1-R4,4,17
U_LTX036_SU_T1-R4,5,7
U_LTX036_SU_T1-R4,6,3
U_LTX036_SU_T1-R4,7,0
U_LTX036_SU_T1-R4,8,6
U_LTX036_SU_T1-R5,1,1
U_LTX036_SU_T1-R5,2,3
U_LTX036_SU_T1-R5,3,0
U_LTX036_SU_T1-R5,4,1
U_LTX036_SU_T1-R5,5,0
U_LTX036_SU_T1-R5,6,3
U_LTX036_SU_T1-R5,7,0
U_LTX036_SU_T1-R5,8,1
U_LTX036_SU_T1-R6,1,0
U_LTX036_SU_T1-R6,2,5
U_LTX036_SU_T1-R6,3,34
U_LTX036_SU_T1-R6,4,12
U_LTX036_SU_T1-R6,5,1
U_LTX036_SU_T1-R6,6,3
U_LTX036_SU_T1-R6,7,2
U_LTX036_SU_T1-R6,8,3
U_LTX036_SU_T1-R7,1,1
U_LTX036_SU_T1-R7,2,1
U_LTX036_SU_T1-R7,3,2
U_LTX036_SU_T1-R7,4,0
U_LTX036_SU_T1-R7,5,4
U_LTX036_SU_T1-R7,6,1
U_LTX036_SU_T1-R7,7,0
U_LTX036_SU_T1-R7,8,0
U_LTX036_SU_T1-R8,1,3
U_LTX036_SU_T1-R8,2,4
U_LTX036_SU_T1-R8,3,5
U_LTX036_SU_T1-R8,4,0
U_LTX036_SU_T1-R8,5,0
U_LTX036_SU_T1-R8,6,0
U_LTX036_SU_T1-R8,7,1
U_LTX036_SU_T1-R8,8,4
U_LTX039_SU_T1-R1,1,2
U_LTX039_SU_T1-R1,2,6
U_LTX039_SU_T1-R1,3,5
U_LTX039_SU_T1-R1,4,0
U_LTX039_SU_T1-R1,5,0
U_LTX039_SU_T1-R1,6,0
U_LTX039_SU_T1-R1,7,0
U_LTX039_SU_T1-R1,8,0
U_LTX051_SU_T1-R1,1,0
U_LTX051_SU_T1-R1,2,1
U_LTX051_SU_T1-R1,3,8
U_LTX051_SU_T1-R1,4,9
U_LTX051_SU_T1-R1,5,3
U_LTX051_SU_T1-R1,6,1
U_LTX051_SU_T1-R1,7,1
U_LTX051_SU_T1-R1,8,0
U_LTX051_SU_T1-R2,1,0
U_LTX051_SU_T1-R2,2,3
U_LTX051_SU_T1-R2,3,12
U_LTX051_SU_T1-R2,4,6
U_LTX051_SU_T1-R2,5,5
U_LTX051_SU_T1-R2,6,3
U_LTX051_SU_T1-R2,7,0
U_LTX051_SU_T1-R2,8,0
U_LTX058_SU_T1-R1,1,0
U_LTX058_SU_T1-R1,2,11
U_LTX058_SU_T1-R1,3,31
U_LTX058_SU_T1-R1,4,10
U_LTX058_SU_T1-R1,5,5
U_LTX058_SU_T1-R1,6,1
U_LTX058_SU_T1-R1,7,0
U_LTX058_SU_T1-R1,8,5
U_LTX058_SU_T1-R2,1,4
U_LTX058_SU_T1-R2,2,27
U_LTX058_SU_T1-R2,3,47
U_LTX058_SU_T1-R2,4,8
U_LTX058_SU_T1-R2,5,1
U_LTX058_SU_T1-R2,6,0
U_LTX058_SU_T1-R2,7,0
U_LTX058_SU_T1-R2,8,1
U_LTX058_SU_T1-R3,1,0
U_LTX058_SU_T1-R3,2,26
U_LTX058_SU_T1-R3,3,69
U_LTX058_SU_T1-R3,4,20
U_LTX058_SU_T1-R3,5,3
U_LTX058_SU_T1-R3,6,0
U_LTX058_SU_T1-R3,7,0
U_LTX058_SU_T1-R3,8,0
U_LTX058_SU_T1-R4,1,0
U_LTX058_SU_T1-R4,2,17
U_LTX058_SU_T1-R4,3,29
U_LTX058_SU_T1-R4,4,10
U_LTX058_SU_T1-R4,5,3
U_LTX058_SU_T1-R4,6,1
U_LTX058_SU_T1-R4,7,0
U_LTX058_SU_T1-R4,8,2
U_LTX058_SU_T1-R5,1,0
U_LTX058_SU_T1-R5,2,14
U_LTX058_SU_T1-R5,3,26
U_LTX058_SU_T1-R5,4,11
U_LTX058_SU_T1-R5,5,3
U_LTX058_SU_T1-R5,6,1
U_LTX058_SU_T1-R5,7,1
U_LTX058_SU_T1-R5,8,2
U_LTX060_SU_T1-R1,1,3
U_LTX060_SU_T1-R1,2,11
U_LTX060_SU_T1-R1,3,37
U_LTX060_SU_T1-R1,4,15
U_LTX060_SU_T1-R1,5,9
U_LTX060_SU_T1-R1,6,8
U_LTX060_SU_T1-R1,7,0
U_LTX060_SU_T1-R1,8,1
U_LTX060_SU_T1-R2,1,4
U_LTX060_SU_T1-R2,2,15
U_LTX060_SU_T1-R2,3,37
U_LTX060_SU_T1-R2,4,13
U_LTX060_SU_T1-R2,5,4
U_LTX060_SU_T1-R2,6,1
U_LTX060_SU_T1-R2,7,3
U_LTX060_SU_T1-R2,8,1
U_LTX076_SU_T1-R1,1,1
U_LTX076_SU_T1-R1,2,11
U_LTX076_SU_T1-R1,3,37
U_LTX076_SU_T1-R1,4,7
U_LTX076_SU_T1-R1,5,3
U_LTX076_SU_T1-R1,6,3
U_LTX076_SU_T1-R1,7,0
U_LTX076_SU_T1-R1,8,0
U_LTX076_SU_T1-R2,1,1
U_LTX076_SU_T1-R2,2,9
U_LTX076_SU_T1-R2,3,34
U_LTX076_SU_T1-R2,4,11
U_LTX076_SU_T1-R2,5,6
U_LTX076_SU_T1-R2,6,3
U_LTX076_SU_T1-R2,7,0
U_LTX076_SU_T1-R2,8,0
U_LTX076_SU_T1-R3,1,1
U_LTX076_SU_T1-R3,2,9
U_LTX076_SU_T1-R3,3,35
U_LTX076_SU_T1-R3,4,12
U_LTX076_SU_T1-R3,5,6
U_LTX076_SU_T1-R3,6,1
U_LTX076_SU_T1-R3,7,0
U_LTX076_SU_T1-R3,8,0
U_LTX076_SU_T1-R4,1,0
U_LTX076_SU_T1-R4,2,6
U_LTX076_SU_T1-R4,3,37
U_LTX076_SU_T1-R4,4,10
U_LTX076_SU_T1-R4,5,6
U_LTX076_SU_T1-R4,6,3
U_LTX076_SU_T1-R4,7,0
U_LTX076_SU_T1-R4,8,0
U_LTX082_SU_T1-R1,1,0
U_LTX082_SU_T1-R1,2,0
U_LTX082_SU_T1-R1,3,0
U_LTX082_SU_T1-R1,4,0
U_LTX082_SU_T1-R1,5,6
U_LTX082_SU_T1-R1,6,0
U_LTX082_SU_T1-R1,7,0
U_LTX082_SU_T1-R1,8,0
U_LTX082_SU_T1-R2,1,0
U_LTX082_SU_T1-R2,2,3
U_LTX082_SU_T1-R2,3,27
U_LTX082_SU_T1-R2,4,8
U_LTX082_SU_T1-R2,5,5
U_LTX082_SU_T1-R2,6,3
U_LTX082_SU_T1-R2,7,4
U_LTX082_SU_T1-R2,8,4
U_LTX082_SU_T1-R3,1,0
U_LTX082_SU_T1-R3,2,0
U_LTX082_SU_T1-R3,3,5
U_LTX082_SU_T1-R3,4,0
U_LTX082_SU_T1-R3,5,0
U_LTX082_SU_T1-R3,6,0
U_LTX082_SU_T1-R3,7,0
U_LTX082_SU_T1-R3,8,0
U_LTX082_SU_T1-R4,1,0
U_LTX082_SU_T1-R4,2,0
U_LTX082_SU_T1-R4,3,0
U_LTX082_SU_T1-R4,4,0
U_LTX082_SU_T1-R4,5,4
U_LTX082_SU_T1-R4,6,2
U_LTX082_SU_T1-R4,7,0
U_LTX082_SU_T1-R4,8,0
U_LTX086_SU_T1-R1,1,0
U_LTX086_SU_T1-R1,2,18
U_LTX086_SU_T1-R1,3,0
U_LTX086_SU_T1-R1,4,0
U_LTX086_SU_T1-R1,5,1
U_LTX086_SU_T1-R1,6,1
U_LTX086_SU_T1-R1,7,1
U_LTX086_SU_T1-R1,8,6
U_LTX091_SU_T1-R1,1,0
U_LTX091_SU_T1-R1,2,3
U_LTX091_SU_T1-R1,3,24
U_LTX091_SU_T1-R1,4,3
U_LTX091_SU_T1-R1,5,0
U_LTX091_SU_T1-R1,6,2
U_LTX091_SU_T1-R1,7,0
U_LTX091_SU_T1-R1,8,0
U_LTX091_SU_T1-R2,1,0
U_LTX091_SU_T1-R2,2,1
U_LTX091_SU_T1-R2,3,23
U_LTX091_SU_T1-R2,4,0
U_LTX091_SU_T1-R2,5,2
U_LTX091_SU_T1-R2,6,0
U_LTX091_SU_T1-R2,7,2
U_LTX091_SU_T1-R2,8,0
U_LTX092_SU_T1-R1,1,0
U_LTX092_SU_T1-R1,2,8
U_LTX092_SU_T1-R1,3,45
U_LTX092_SU_T1-R1,4,8
U_LTX092_SU_T1-R1,5,15
U_LTX092_SU_T1-R1,6,0
U_LTX092_SU_T1-R1,7,2
U_LTX092_SU_T1-R1,8,0
U_LTX092_SU_T1-R2,1,0
U_LTX092_SU_T1-R2,2,7
U_LTX092_SU_T1-R2,3,42
U_LTX092_SU_T1-R2,4,17
U_LTX092_SU_T1-R2,5,10
U_LTX092_SU_T1-R2,6,2
U_LTX092_SU_T1-R2,7,0
U_LTX092_SU_T1-R2,8,0
U_LTX092_SU_T1-R3,1,2
U_LTX092_SU_T1-R3,2,12
U_LTX092_SU_T1-R3,3,67
U_LTX092_SU_T1-R3,4,23
U_LTX092_SU_T1-R3,5,14
U_LTX092_SU_T1-R3,6,5
U_LTX092_SU_T1-R3,7,1
U_LTX092_SU_T1-R3,8,0
U_LTX095_SU_T1-R1,1,1
U_LTX095_SU_T1-R1,2,10
U_LTX095_SU_T1-R1,3,4
U_LTX095_SU_T1-R1,4,0
U_LTX095_SU_T1-R1,5,0
U_LTX095_SU_T1-R1,6,1
U_LTX095_SU_T1-R1,7,0
U_LTX095_SU_T1-R1,8,4
U_LTX095_SU_T1-R2,1,2
U_LTX095_SU_T1-R2,2,11
U_LTX095_SU_T1-R2,3,2
U_LTX095_SU_T1-R2,4,1
U_LTX095_SU_T1-R2,5,0
U_LTX095_SU_T1-R2,6,2
U_LTX095_SU_T1-R2,7,0
U_LTX095_SU_T1-R2,8,3
U_LTX097_SU_T1-R1,1,0
U_LTX097_SU_T1-R1,2,0
U_LTX097_SU_T1-R1,3,4
U_LTX097_SU_T1-R1,4,0
U_LTX097_SU_T1-R1,5,0
U_LTX097_SU_T1-R1,6,0
U_LTX097_SU_T1-R1,7,0
U_LTX097_SU_T1-R1,8,0
U_LTX097_SU_T1-R2,1,1
U_LTX097_SU_T1-R2,2,10
U_LTX097_SU_T1-R2,3,32
U_LTX097_SU_T1-R2,4,12
U_LTX097_SU_T1-R2,5,3
U_LTX097_SU_T1-R2,6,1
U_LTX097_SU_T1-R2,7,1
U_LTX097_SU_T1-R2,8,1
U_LTX097_SU_T1-R3,1,1
U_LTX097_SU_T1-R3,2,5
U_LTX097_SU_T1-R3,3,5
U_LTX097_SU_T1-R3,4,0
U_LTX097_SU_T1-R3,5,1
U_LTX097_SU_T1-R3,6,0
U_LTX097_SU_T1-R3,7,3
U_LTX097_SU_T1-R3,8,0
U_LTX097_SU_T1-R4,1,1
U_LTX097_SU_T1-R4,2,12
U_LTX097_SU_T1-R4,3,41
U_LTX097_SU_T1-R4,4,12
U_LTX097_SU_T1-R4,5,4
U_LTX097_SU_T1-R4,6,2
U_LTX097_SU_T1-R4,7,0
U_LTX097_SU_T1-R4,8,1
U_LTX097_SU_T1-R5,1,1
U_LTX097_SU_T1-R5,2,14
U_LTX097_SU_T1-R5,3,45
U_LTX097_SU_T1-R5,4,9
U_LTX097_SU_T1-R5,5,3
U_LTX097_SU_T1-R5,6,4
U_LTX097_SU_T1-R5,7,1
U_LTX097_SU_T1-R5,8,0
U_LTX097_SU_T1-R6,1,1
U_LTX097_SU_T1-R6,2,13
U_LTX097_SU_T1-R6,3,38
U_LTX097_SU_T1-R6,4,12
U_LTX097_SU_T1-R6,5,5
U_LTX097_SU_T1-R6,6,2
U_LTX097_SU_T1-R6,7,1
U_LTX097_SU_T1-R6,8,0
U_LTX097_SU_T1-R7,1,4
U_LTX097_SU_T1-R7,2,8
U_LTX097_SU_T1-R7,3,24
U_LTX097_SU_T1-R7,4,7
U_LTX097_SU_T1-R7,5,3
U_LTX097_SU_T1-R7,6,0
U_LTX097_SU_T1-R7,7,3
U_LTX097_SU_T1-R7,8,2
U_LTX097_SU_T1-R8,1,1
U_LTX097_SU_T1-R8,2,14
U_LTX097_SU_T1-R8,3,41
U_LTX097_SU_T1-R8,4,7
U_LTX097_SU_T1-R8,5,3
U_LTX097_SU_T1-R8,6,4
U_LTX097_SU_T1-R8,7,1
U_LTX097_SU_T1-R8,8,0
U_LTX103_SU_LN1,1,4
U_LTX103_SU_LN1,2,8
U_LTX103_SU_LN1,3,6
U_LTX103_SU_LN1,4,7
U_LTX103_SU_LN1,5,0
U_LTX103_SU_LN1,6,0
U_LTX103_SU_LN1,7,0
U_LTX103_SU_LN1,8,5
U_LTX103_SU_T1-R1,1,1
U_LTX103_SU_T1-R1,2,8
U_LTX103_SU_T1-R1,3,13
U_LTX103_SU_T1-R1,4,8
U_LTX103_SU_T1-R1,5,1
U_LTX103_SU_T1-R1,6,0
U_LTX103_SU_T1-R1,7,0
U_LTX103_SU_T1-R1,8,5
U_LTX103_SU_T1-R2,1,0
U_LTX103_SU_T1-R2,2,9
U_LTX103_SU_T1-R2,3,13
U_LTX103_SU_T1-R2,4,7
U_LTX103_SU_T1-R2,5,2
U_LTX103_SU_T1-R2,6,0
U_LTX103_SU_T1-R2,7,0
U_LTX103_SU_T1-R2,8,5
U_LTX103_SU_T1-R3,1,0
U_LTX103_SU_T1-R3,2,7
U_LTX103_SU_T1-R3,3,7
U_LTX103_SU_T1-R3,4,8
U_LTX103_SU_T1-R3,5,2
U_LTX103_SU_T1-R3,6,1
U_LTX103_SU_T1-R3,7,0
U_LTX103_SU_T1-R3,8,5
U_LTX107_SU_LN1,1,5
U_LTX107_SU_LN1,2,16
U_LTX107_SU_LN1,3,1
U_LTX107_SU_LN1,4,1
U_LTX107_SU_LN1,5,3
U_LTX107_SU_LN1,6,0
U_LTX107_SU_LN1,7,0
U_LTX107_SU_LN1,8,0
U_LTX107_SU_T1-R1,1,0
U_LTX107_SU_T1-R1,2,15
U_LTX107_SU_T1-R1,3,46
U_LTX107_SU_T1-R1,4,19
U_LTX107_SU_T1-R1,5,5
U_LTX107_SU_T1-R1,6,2
U_LTX107_SU_T1-R1,7,2
U_LTX107_SU_T1-R1,8,1
U_LTX107_SU_T1-R2,1,1
U_LTX107_SU_T1-R2,2,2
U_LTX107_SU_T1-R2,3,42
U_LTX107_SU_T1-R2,4,13
U_LTX107_SU_T1-R2,5,7
U_LTX107_SU_T1-R2,6,6
U_LTX107_SU_T1-R2,7,0
U_LTX107_SU_T1-R2,8,4
U_LTX107_SU_T1-R3,1,2
U_LTX107_SU_T1-R3,2,13
U_LTX107_SU_T1-R3,3,3
U_LTX107_SU_T1-R3,4,0
U_LTX107_SU_T1-R3,5,1
U_LTX107_SU_T1-R3,6,3
U_LTX107_SU_T1-R3,7,0
U_LTX107_SU_T1-R3,8,0
U_LTX107_SU_T1-R4,1,0
U_LTX107_SU_T1-R4,2,8
U_LTX107_SU_T1-R4,3,38
U_LTX107_SU_T1-R4,4,23
U_LTX107_SU_T1-R4,5,9
U_LTX107_SU_T1-R4,6,3
U_LTX107_SU_T1-R4,7,0
U_LTX107_SU_T1-R4,8,4
U_LTX107_SU_T1-R6,1,0
U_LTX107_SU_T1-R6,2,7
U_LTX107_SU_T1-R6,3,46
U_LTX107_SU_T1-R6,4,11
U_LTX107_SU_T1-R6,5,1
U_LTX107_SU_T1-R6,6,2
U_LTX107_SU_T1-R6,7,4
U_LTX107_SU_T1-R6,8,3
U_LTX107_SU_T1-R7,1,5
U_LTX107_SU_T1-R7,2,8
U_LTX107_SU_T1-R7,3,33
U_LTX107_SU_T1-R7,4,5
U_LTX107_SU_T1-R7,5,2
U_LTX107_SU_T1-R7,6,3
U_LTX107_SU_T1-R7,7,3
U_LTX107_SU_T1-R7,8,5
U_LTX111_SU_T1-R1,1,2
U_LTX111_SU_T1-R1,2,39
U_LTX111_SU_T1-R1,3,19
U_LTX111_SU_T1-R1,4,6
U_LTX111_SU_T1-R1,5,0
U_LTX111_SU_T1-R1,6,2
U_LTX111_SU_T1-R1,7,0
U_LTX111_SU_T1-R1,8,0
U_LTX111_SU_T1-R2,1,0
U_LTX111_SU_T1-R2,2,7
U_LTX111_SU_T1-R2,3,3
U_LTX111_SU_T1-R2,4,0
U_LTX111_SU_T1-R2,5,2
U_LTX111_SU_T1-R2,6,2
U_LTX111_SU_T1-R2,7,0
U_LTX111_SU_T1-R2,8,0
U_LTX111_SU_T1-R3,1,2
U_LTX111_SU_T1-R3,2,37
U_LTX111_SU_T1-R3,3,19
U_LTX111_SU_T1-R3,4,5
U_LTX111_SU_T1-R3,5,4
U_LTX111_SU_T1-R3,6,0
U_LTX111_SU_T1-R3,7,0
U_LTX111_SU_T1-R3,8,0
U_LTX124_SU_T1-R1,1,0
U_LTX124_SU_T1-R1,2,8
U_LTX124_SU_T1-R1,3,0
U_LTX124_SU_T1-R1,4,0
U_LTX124_SU_T1-R1,5,0
U_LTX124_SU_T1-R1,6,0
U_LTX124_SU_T1-R1,7,0
U_LTX124_SU_T1-R1,8,0
U_LTX124_SU_T1-R2,1,3
U_LTX124_SU_T1-R2,2,48
U_LTX124_SU_T1-R2,3,6
U_LTX124_SU_T1-R2,4,5
U_LTX124_SU_T1-R2,5,1
U_LTX124_SU_T1-R2,6,0
U_LTX124_SU_T1-R2,7,0
U_LTX124_SU_T1-R2,8,0
U_LTX126_SU_T1-R1,1,0
U_LTX126_SU_T1-R1,2,2
U_LTX126_SU_T1-R1,3,28
U_LTX126_SU_T1-R1,4,7
U_LTX126_SU_T1-R1,5,4
U_LTX126_SU_T1-R1,6,1
U_LTX126_SU_T1-R1,7,0
U_LTX126_SU_T1-R1,8,0
U_LTX126_SU_T1-R2,1,0
U_LTX126_SU_T1-R2,2,3
U_LTX126_SU_T1-R2,3,26
U_LTX126_SU_T1-R2,4,10
U_LTX126_SU_T1-R2,5,1
U_LTX126_SU_T1-R2,6,2
U_LTX126_SU_T1-R2,7,0
U_LTX126_SU_T1-R2,8,0
U_LTX126_SU_T1-R3,1,0
U_LTX126_SU_T1-R3,2,0
U_LTX126_SU_T1-R3,3,26
U_LTX126_SU_T1-R3,4,5
U_LTX126_SU_T1-R3,5,6
U_LTX126_SU_T1-R3,6,0
U_LTX126_SU_T1-R3,7,0
U_LTX126_SU_T1-R3,8,0
U_LTX126_SU_T1-R4,1,0
U_LTX126_SU_T1-R4,2,3
U_LTX126_SU_T1-R4,3,26
U_LTX126_SU_T1-R4,4,3
U_LTX126_SU_T1-R4,5,4
U_LTX126_SU_T1-R4,6,0
U_LTX126_SU_T1-R4,7,0
U_LTX126_SU_T1-R4,8,0
U_LTX126_SU_T1-R5,1,0
U_LTX126_SU_T1-R5,2,0
U_LTX126_SU_T1-R5,3,23
U_LTX126_SU_T1-R5,4,4
U_LTX126_SU_T1-R5,5,4
U_LTX126_SU_T1-R5,6,1
U_LTX126_SU_T1-R5,7,0
U_LTX126_SU_T1-R5,8,0
U_LTX126_SU_T1-R6,1,0
U_LTX126_SU_T1-R6,2,0
U_LTX126_SU_T1-R6,3,21
U_LTX126_SU_T1-R6,4,6
U_LTX126_SU_T1-R6,5,7
U_LTX126_SU_T1-R6,6,0
U_LTX126_SU_T1-R6,7,1
U_LTX126_SU_T1-R6,8,0
U_LTX126_SU_T1-R7,1,0
U_LTX126_SU_T1-R7,2,1
U_LTX126_SU_T1-R7,3,21
U_LTX126_SU_T1-R7,4,5
U_LTX126_SU_T1-R7,5,4
U_LTX126_SU_T1-R7,6,0
U_LTX126_SU_T1-R7,7,1
U_LTX126_SU_T1-R7,8,0
U_LTX137_SU_T1-R1,1,2
U_LTX137_SU_T1-R1,2,3
U_LTX137_SU_T1-R1,3,7
U_LTX137_SU_T1-R1,4,0
U_LTX137_SU_T1-R1,5,0
U_LTX137_SU_T1-R1,6,0
U_LTX137_SU_T1-R1,7,0
U_LTX137_SU_T1-R1,8,0
U_LTX137_SU_T1-R2,1,0
U_LTX137_SU_T1-R2,2,6
U_LTX137_SU_T1-R2,3,1
U_LTX137_SU_T1-R2,4,0
U_LTX137_SU_T1-R2,5,0
U_LTX137_SU_T1-R2,6,0
U_LTX137_SU_T1-R2,7,0
U_LTX137_SU_T1-R2,8,0
U_LTX144_SU_T1-R1,1,1
U_LTX144_SU_T1-R1,2,0
U_LTX144_SU_T1-R1,3,20
U_LTX144_SU_T1-R1,4,3
U_LTX144_SU_T1-R1,5,0
U_LTX144_SU_T1-R1,6,0
U_LTX144_SU_T1-R1,7,0
U_LTX144_SU_T1-R1,8,5
U_LTX144_SU_T1-R2,1,0
U_LTX144_SU_T1-R2,2,2
U_LTX144_SU_T1-R2,3,19
U_LTX144_SU_T1-R2,4,2
U_LTX144_SU_T1-R2,5,0
U_LTX144_SU_T1-R2,6,0
U_LTX144_SU_T1-R2,7,0
U_LTX144_SU_T1-R2,8,5
U_LTX144_SU_T1-R3,1,0
U_LTX144_SU_T1-R3,2,2
U_LTX144_SU_T1-R3,3,23
U_LTX144_SU_T1-R3,4,4
U_LTX144_SU_T1-R3,5,0
U_LTX144_SU_T1-R3,6,1
U_LTX144_SU_T1-R3,7,1
U_LTX144_SU_T1-R3,8,3
U_LTX156_SU_T1-R1,1,0
U_LTX156_SU_T1-R1,2,1
U_LTX156_SU_T1-R1,3,8
U_LTX156_SU_T1-R1,4,13
U_LTX156_SU_T1-R1,5,22
U_LTX156_SU_T1-R1,6,11
U_LTX156_SU_T1-R1,7,5
U_LTX156_SU_T1-R1,8,14
U_LTX156_SU_T1-R2,1,0
U_LTX156_SU_T1-R2,2,2
U_LTX156_SU_T1-R2,3,6
U_LTX156_SU_T1-R2,4,12
U_LTX156_SU_T1-R2,5,19
U_LTX156_SU_T1-R2,6,8
U_LTX156_SU_T1-R2,7,4
U_LTX156_SU_T1-R2,8,11
U_LTX156_SU_T1-R3,1,0
U_LTX156_SU_T1-R3,2,1
U_LTX156_SU_T1-R3,3,10
U_LTX156_SU_T1-R3,4,14
U_LTX156_SU_T1-R3,5,20
U_LTX156_SU_T1-R3,6,9
U_LTX156_SU_T1-R3,7,6
U_LTX156_SU_T1-R3,8,11
U_LTX156_SU_T1-R4,1,0
U_LTX156_SU_T1-R4,2,1
U_LTX156_SU_T1-R4,3,7
U_LTX156_SU_T1-R4,4,20
U_LTX156_SU_T1-R4,5,12
U_LTX156_SU_T1-R4,6,7
U_LTX156_SU_T1-R4,7,3
U_LTX156_SU_T1-R4,8,9
U_LTX157_SU_T1-R1,1,3
U_LTX157_SU_T1-R1,2,11
U_LTX157_SU_T1-R1,3,5
U_LTX157_SU_T1-R1,4,1
U_LTX157_SU_T1-R1,5,0
U_LTX157_SU_T1-R1,6,0
U_LTX157_SU_T1-R1,7,0
U_LTX157_SU_T1-R1,8,0
U_LTX157_SU_T1-R2,1,1
U_LTX157_SU_T1-R2,2,4
U_LTX157_SU_T1-R2,3,6
U_LTX157_SU_T1-R2,4,1
U_LTX157_SU_T1-R2,5,0
U_LTX157_SU_T1-R2,6,0
U_LTX157_SU_T1-R2,7,0
U_LTX157_SU_T1-R2,8,0
U_LTX166_SU_T1-R1,1,5
U_LTX166_SU_T1-R1,2,21
U_LTX166_SU_T1-R1,3,10
U_LTX166_SU_T1-R1,4,1
U_LTX166_SU_T1-R1,5,1
U_LTX166_SU_T1-R1,6,0
U_LTX166_SU_T1-R1,7,0
U_LTX166_SU_T1-R1,8,0
U_LTX166_SU_T1-R2,1,3
U_LTX166_SU_T1-R2,2,24
U_LTX166_SU_T1-R2,3,9
U_LTX166_SU_T1-R2,4,2
U_LTX166_SU_T1-R2,5,2
U_LTX166_SU_T1-R2,6,0
U_LTX166_SU_T1-R2,7,0
U_LTX166_SU_T1-R2,8,0
U_LTX180_SU_T1-R1,1,0
U_LTX180_SU_T1-R1,2,26
U_LTX180_SU_T1-R1,3,1
U_LTX180_SU_T1-R1,4,0
U_LTX180_SU_T1-R1,5,0
U_LTX180_SU_T1-R1,6,0
U_LTX180_SU_T1-R1,7,0
U_LTX180_SU_T1-R1,8,0
U_LTX180_SU_T1-R2,1,0
U_LTX180_SU_T1-R2,2,18
U_LTX180_SU_T1-R2,3,2
U_LTX180_SU_T1-R2,4,0
U_LTX180_SU_T1-R2,5,0
U_LTX180_SU_T1-R2,6,0
U_LTX180_SU_T1-R2,7,0
U_LTX180_SU_T1-R2,8,0
U_LTX185_SU_T1-R1,1,0
U_LTX185_SU_T1-R1,2,3
U_LTX185_SU_T1-R1,3,8
U_LTX185_SU_T1-R1,4,4
U_LTX185_SU_T1-R1,5,1
U_LTX185_SU_T1-R1,6,0
U_LTX185_SU_T1-R1,7,0
U_LTX185_SU_T1-R1,8,4
U_LTX185_SU_T1-R2,1,1
U_LTX185_SU_T1-R2,2,3
U_LTX185_SU_T1-R2,3,24
U_LTX185_SU_T1-R2,4,3
U_LTX185_SU_T1-R2,5,1
U_LTX185_SU_T1-R2,6,0
U_LTX185_SU_T1-R2,7,0
U_LTX185_SU_T1-R2,8,4
U_LTX206_SU_T1-R1,1,0
U_LTX206_SU_T1-R1,2,3
U_LTX206_SU_T1-R1,3,21
U_LTX206_SU_T1-R1,4,2
U_LTX206_SU_T1-R1,5,4
U_LTX206_SU_T1-R1,6,2
U_LTX206_SU_T1-R1,7,0
U_LTX206_SU_T1-R1,8,1
U_LTX206_SU_T1-R2,1,0
U_LTX206_SU_T1-R2,2,1
U_LTX206_SU_T1-R2,3,23
U_LTX206_SU_T1-R2,4,4
U_LTX206_SU_T1-R2,5,3
U_LTX206_SU_T1-R2,6,0
U_LTX206_SU_T1-R2,7,0
U_LTX206_SU_T1-R2,8,1
U_LTX206_SU_T1-R3,1,0
U_LTX206_SU_T1-R3,2,6
U_LTX206_SU_T1-R3,3,27
U_LTX206_SU_T1-R3,4,3
U_LTX206_SU_T1-R3,5,3
U_LTX206_SU_T1-R3,6,0
U_LTX206_SU_T1-R3,7,0
U_LTX206_SU_T1-R3,8,1
U_LTX216_SU_T1-R1,1,0
U_LTX216_SU_T1-R1,2,3
U_LTX216_SU_T1-R1,3,29
U_LTX216_SU_T1-R1,4,5
U_LTX216_SU_T1-R1,5,0
U_LTX216_SU_T1-R1,6,0
U_LTX216_SU_T1-R1,7,0
U_LTX216_SU_T1-R1,8,0
U_LTX216_SU_T1-R2,1,0
U_LTX216_SU_T1-R2,2,7
U_LTX216_SU_T1-R2,3,33
U_LTX216_SU_T1-R2,4,2
U_LTX216_SU_T1-R2,5,1
U_LTX216_SU_T1-R2,6,1
U_LTX216_SU_T1-R2,7,0
U_LTX216_SU_T1-R2,8,0
U_LTX245_SU_T1-R1,1,0
U_LTX245_SU_T1-R1,2,5
U_LTX245_SU_T1-R1,3,18
U_LTX245_SU_T1-R1,4,5
U_LTX245_SU_T1-R1,5,7
U_LTX245_SU_T1-R1,6,1
U_LTX245_SU_T1-R1,7,2
U_LTX245_SU_T1-R1,8,0
U_LTX245_SU_T1-R2,1,0
U_LTX245_SU_T1-R2,2,2
U_LTX245_SU_T1-R2,3,4
U_LTX245_SU_T1-R2,4,3
U_LTX245_SU_T1-R2,5,1
U_LTX245_SU_T1-R2,6,1
U_LTX245_SU_T1-R2,7,0
U_LTX245_SU_T1-R2,8,3
W_LTX127_SU_T1-R1,1,0
W_LTX127_SU_T1-R1,2,0
W_LTX127_SU_T1-R1,3,1
W_LTX127_SU_T1-R1,4,10
W_LTX127_SU_T1-R1,5,0
W_LTX127_SU_T1-R1,6,1
W_LTX127_SU_T1-R1,7,1
W_LTX127_SU_T1-R1,8,3
W_LTX127_SU_T1-R2,1,1
W_LTX127_SU_T1-R2,2,7
W_LTX127_SU_T1-R2,3,4
W_LTX127_SU_T1-R2,4,0
W_LTX127_SU_T1-R2,5,0
W_LTX127_SU_T1-R2,6,0
W_LTX127_SU_T1-R2,7,0
W_LTX127_SU_T1-R2,8,5
